{
  "type": "FeatureCollection",
  "features": [
    {
      "type": "Feature",
      "properties": {
        "id": 111,
        "nombre": "MERCEDITAS COLLANTES",
        "tipo": "ZONAS EN ORDENAMIENTO",
        "ordenanza": "S/D",
        "superficie_ha": "488.214.568.517.694"
      },
      "geometry": {
        "type": "Polygon",
        "coordinates": [
          [
            [
              -58.7675801297845,
              -27.4610932362064
            ],
            [
              -58.7672764680479,
              -27.4642382220238
            ],
            [
              -58.7672624839387,
              -27.464327766968
            ],
            [
              -58.7672484998141,
              -27.4644173110067
            ],
            [
              -58.7672004928102,
              -27.4647247190646
            ],
            [
              -58.7671772808155,
              -27.4648438679515
            ],
            [
              -58.7671362099148,
              -27.4651066861715
            ],
            [
              -58.7671222447763,
              -27.465196048989
            ],
            [
              -58.7671082796023,
              -27.4652854127054
            ],
            [
              -58.7670943144129,
              -27.4653747755164
            ],
            [
              -58.7670532147723,
              -27.4656377729863
            ],
            [
              -58.7670371486946,
              -27.4657688431203
            ],
            [
              -58.7670241785026,
              -27.4658518625375
            ],
            [
              -58.7670102030484,
              -27.4659413154688
            ],
            [
              -58.7669962265573,
              -27.4660307683878
            ],
            [
              -58.7669822520636,
              -27.4661202213215
            ],
            [
              -58.7669682765329,
              -27.4662096742429
            ],
            [
              -58.7669543009667,
              -27.4662991280633
            ],
            [
              -58.7669408275241,
              -27.4663853624114
            ],
            [
              -58.7669273419378,
              -27.4664716859769
            ],
            [
              -58.766904414182,
              -27.4665944952124
            ],
            [
              -58.766891471053,
              -27.4666773352852
            ],
            [
              -58.7668774963719,
              -27.4667667881948
            ],
            [
              -58.7668635196324,
              -27.4668562419853
            ],
            [
              -58.7668495449003,
              -27.4669456948883
            ],
            [
              -58.7667946045204,
              -27.4672973396233
            ],
            [
              -58.7668804503989,
              -27.4673041399056
            ],
            [
              -58.7669812074555,
              -27.4673121224575
            ],
            [
              -58.7670819635182,
              -27.4673201049279
            ],
            [
              -58.7671827216213,
              -27.4673280873438
            ],
            [
              -58.7672834787405,
              -27.467336068776
            ],
            [
              -58.7673842358672,
              -27.467344051038
            ],
            [
              -58.7674849930014,
              -27.4673520341298
            ],
            [
              -58.7677555259516,
              -27.467373465291
            ],
            [
              -58.7677655824863,
              -27.4672726284884
            ],
            [
              -58.767775639009,
              -27.4671717907808
            ],
            [
              -58.767785696511,
              -27.4670709539816
            ],
            [
              -58.7677957610529,
              -27.4669700279146
            ],
            [
              -58.7678058185108,
              -27.4668691911098
            ],
            [
              -58.7678158749351,
              -27.4667683542934
            ],
            [
              -58.7678259303258,
              -27.4666675174653
            ],
            [
              -58.7678418025158,
              -27.4665441719125
            ],
            [
              -58.7678518588757,
              -27.4664433341846
            ],
            [
              -58.767861916215,
              -27.4663424973651
            ],
            [
              -58.7678719715093,
              -27.4662416605249
            ],
            [
              -58.7678820378892,
              -27.4661407344527
            ],
            [
              -58.7678920987082,
              -27.466039851639
            ],
            [
              -58.7679021493889,
              -27.4659390598653
            ],
            [
              -58.7679122066177,
              -27.465838223032
            ],
            [
              -58.7679212171714,
              -27.4657066157345
            ],
            [
              -58.7679475318689,
              -27.465442749965
            ],
            [
              -58.7679564949869,
              -27.4653528781103
            ],
            [
              -58.7679654570861,
              -27.4652630053422
            ],
            [
              -58.7679744201791,
              -27.4651731325809
            ],
            [
              -58.7679893578345,
              -27.4650264398433
            ],
            [
              -58.7681305223244,
              -27.4650365204424
            ],
            [
              -58.769798871015,
              -27.4651542448089
            ],
            [
              -58.769530908517,
              -27.4646646125719
            ],
            [
              -58.7694457916627,
              -27.464657273616
            ],
            [
              -58.7693967649695,
              -27.4645624020136
            ],
            [
              -58.7693477393691,
              -27.4644675304043
            ],
            [
              -58.7692987128386,
              -27.4643726587703
            ],
            [
              -58.769249685378,
              -27.4642777871116
            ],
            [
              -58.7691479560103,
              -27.4640809282098
            ],
            [
              -58.7689551698452,
              -27.4633835848018
            ],
            [
              -58.7703113283522,
              -27.4631394106413
            ],
            [
              -58.7675801297845,
              -27.4610932362064
            ]
          ]
        ]
      }
    },
    {
      "type": "Feature",
      "properties": {
        "id": 116,
        "nombre": "SAMELA SUR",
        "tipo": "ZONAS EN ORDENAMIENTO",
        "ordenanza": "S/D",
        "superficie_ha": "529.687.066.296.844"
      },
      "geometry": {
        "type": "Polygon",
        "coordinates": [
          [
            [
              -58.7560346147132,
              -27.4970467785613
            ],
            [
              -58.7620197762425,
              -27.4961900888383
            ],
            [
              -58.7616449180644,
              -27.4938196037366
            ],
            [
              -58.7614704639486,
              -27.4927827878078
            ],
            [
              -58.7612923376654,
              -27.4917241295476
            ],
            [
              -58.7611088356679,
              -27.4906370452331
            ],
            [
              -58.7608369597273,
              -27.4890175988001
            ],
            [
              -58.7608221606053,
              -27.4889375945846
            ],
            [
              -58.7598411266528,
              -27.4892493660878
            ],
            [
              -58.7596282797165,
              -27.489316490515
            ],
            [
              -58.756973876111,
              -27.4901535612762
            ],
            [
              -58.7563502219363,
              -27.4903094751804
            ],
            [
              -58.7562124485812,
              -27.4903439181579
            ],
            [
              -58.7547371827423,
              -27.4906175561754
            ],
            [
              -58.7537314991342,
              -27.4907998041592
            ],
            [
              -58.7532477399536,
              -27.4908874672109
            ],
            [
              -58.7539244149911,
              -27.4945563443344
            ],
            [
              -58.7555849870238,
              -27.4943029087266
            ],
            [
              -58.7560346147132,
              -27.4970467785613
            ]
          ]
        ]
      }
    },
    {
      "type": "Feature",
      "properties": {
        "id": 139,
        "nombre": "PARAJE PERICHON",
        "tipo": "BARRIOS POR ORDENANZA",
        "ordenanza": "6512/16",
        "superficie_ha": "65.043.944.055.344"
      },
      "geometry": {
        "type": "Polygon",
        "coordinates": [
          [
            [
              -58.7452113773831,
              -27.4040047608691
            ],
            [
              -58.7442408669996,
              -27.4044471852686
            ],
            [
              -58.7438442667348,
              -27.404651147421
            ],
            [
              -58.742725120007,
              -27.4061659831462
            ],
            [
              -58.7406244268006,
              -27.4090945705956
            ],
            [
              -58.7384822006201,
              -27.4122223262101
            ],
            [
              -58.735248274005,
              -27.417022778801
            ],
            [
              -58.7349249598637,
              -27.417484529479
            ],
            [
              -58.7341848636815,
              -27.4185479302331
            ],
            [
              -58.73331427203,
              -27.4198089890243
            ],
            [
              -58.7328262255154,
              -27.4205973724387
            ],
            [
              -58.7327967284807,
              -27.4228891885532
            ],
            [
              -58.7327566208582,
              -27.4255593272494
            ],
            [
              -58.7327572471618,
              -27.4262173779413
            ],
            [
              -58.7326810283552,
              -27.4280338466226
            ],
            [
              -58.7327802272676,
              -27.428442742407
            ],
            [
              -58.7328321983189,
              -27.4286898421946
            ],
            [
              -58.7331359570471,
              -27.4301966236545
            ],
            [
              -58.7341537828982,
              -27.4353045409006
            ],
            [
              -58.7341321724909,
              -27.4354296439248
            ],
            [
              -58.7340619011844,
              -27.4356093938067
            ],
            [
              -58.7503177079419,
              -27.447765205851
            ],
            [
              -58.7500455908678,
              -27.4464511381591
            ],
            [
              -58.7498680470745,
              -27.4455628797046
            ],
            [
              -58.7498414146631,
              -27.4454296409963
            ],
            [
              -58.7496638727873,
              -27.4445413831563
            ],
            [
              -58.7496372418381,
              -27.4444081435131
            ],
            [
              -58.7494597018999,
              -27.4435198844833
            ],
            [
              -58.7494330713814,
              -27.4433866457004
            ],
            [
              -58.7494130310304,
              -27.4432056610649
            ],
            [
              -58.7493643484087,
              -27.4431802588256
            ],
            [
              -58.7490675220802,
              -27.4413142113484
            ],
            [
              -58.7488596067715,
              -27.4401736557624
            ],
            [
              -58.748694818357,
              -27.4393889288539
            ],
            [
              -58.7483749428022,
              -27.4377122583337
            ],
            [
              -58.7482761737906,
              -27.4372031582382
            ],
            [
              -58.7482054470599,
              -27.4367725051999
            ],
            [
              -58.748088228267,
              -27.4362343934409
            ],
            [
              -58.7479592160669,
              -27.4360166779256
            ],
            [
              -58.7481948862899,
              -27.4358486955297
            ],
            [
              -58.7482791555898,
              -27.4357676248558
            ],
            [
              -58.7483251357027,
              -27.4357114736274
            ],
            [
              -58.7539082046282,
              -27.4288927730986
            ],
            [
              -58.7549183066176,
              -27.4276463209179
            ],
            [
              -58.7556122401193,
              -27.4271809717684
            ],
            [
              -58.7570751546244,
              -27.4270102432422
            ],
            [
              -58.7571664369949,
              -27.4269765655865
            ],
            [
              -58.7571172913644,
              -27.4265026581098
            ],
            [
              -58.7570949382484,
              -27.4261639541696
            ],
            [
              -58.7576390439023,
              -27.4261821305352
            ],
            [
              -58.7592957010815,
              -27.4260009490511
            ],
            [
              -58.760919143106,
              -27.4252713862967
            ],
            [
              -58.7601541523951,
              -27.4236156946544
            ],
            [
              -58.7598384613941,
              -27.4229403018817
            ],
            [
              -58.7583434350916,
              -27.4199044316229
            ],
            [
              -58.7579808138985,
              -27.4196736084059
            ],
            [
              -58.7572164105257,
              -27.4192730887066
            ],
            [
              -58.7579698407804,
              -27.4187412170185
            ],
            [
              -58.7572415533147,
              -27.4188476317649
            ],
            [
              -58.7569625120224,
              -27.4188077670941
            ],
            [
              -58.7565325904005,
              -27.4185495601943
            ],
            [
              -58.7561722626571,
              -27.4183404183984
            ],
            [
              -58.7561008198369,
              -27.4183052319037
            ],
            [
              -58.7559559193857,
              -27.4182137893941
            ],
            [
              -58.7558590420898,
              -27.4181210809459
            ],
            [
              -58.7556520008727,
              -27.4179269567392
            ],
            [
              -58.7555192893299,
              -27.4177742891448
            ],
            [
              -58.7554422712323,
              -27.4175637675568
            ],
            [
              -58.7551809096734,
              -27.4169914271508
            ],
            [
              -58.7551220380947,
              -27.4164672595549
            ],
            [
              -58.7549819108824,
              -27.4161833689114
            ],
            [
              -58.7548350842281,
              -27.41581498168
            ],
            [
              -58.7547721283808,
              -27.4155523334639
            ],
            [
              -58.7547343541161,
              -27.4153702310583
            ],
            [
              -58.754667438543,
              -27.4152654413799
            ],
            [
              -58.7546036094911,
              -27.4152274645389
            ],
            [
              -58.7546124294406,
              -27.4150967284427
            ],
            [
              -58.7546797064068,
              -27.4146692100795
            ],
            [
              -58.7546111466437,
              -27.414001260514
            ],
            [
              -58.7547674655108,
              -27.4133225619717
            ],
            [
              -58.755242477097,
              -27.4129876558576
            ],
            [
              -58.7552473412811,
              -27.4127523111857
            ],
            [
              -58.7552904591977,
              -27.4125608773764
            ],
            [
              -58.7553821349214,
              -27.4123668336372
            ],
            [
              -58.7553765370207,
              -27.4122171862344
            ],
            [
              -58.7554481981679,
              -27.412025121059
            ],
            [
              -58.7554169464719,
              -27.4117907782596
            ],
            [
              -58.7552858043872,
              -27.4116647757869
            ],
            [
              -58.7552525335008,
              -27.4114615073721
            ],
            [
              -58.7551644538269,
              -27.4113464411488
            ],
            [
              -58.7550734840448,
              -27.4112534110763
            ],
            [
              -58.7549814245586,
              -27.411152332383
            ],
            [
              -58.7548835243323,
              -27.4110642599206
            ],
            [
              -58.7547972010543,
              -27.4110019166945
            ],
            [
              -58.754737031351,
              -27.4107080084638
            ],
            [
              -58.7545505411055,
              -27.4104421256611
            ],
            [
              -58.7543507726261,
              -27.4101943859241
            ],
            [
              -58.7540986108464,
              -27.4099954609986
            ],
            [
              -58.7540925237066,
              -27.4098826381811
            ],
            [
              -58.7540688879957,
              -27.4097623407614
            ],
            [
              -58.7539030056462,
              -27.4096406810516
            ],
            [
              -58.7538180985504,
              -27.4096051306774
            ],
            [
              -58.7537744861637,
              -27.4095537534267
            ],
            [
              -58.7536454133429,
              -27.4095138825649
            ],
            [
              -58.7535734813593,
              -27.4094490675588
            ],
            [
              -58.7535551295126,
              -27.4093681496233
            ],
            [
              -58.7533389087609,
              -27.4093276183652
            ],
            [
              -58.7531388750773,
              -27.4093544210648
            ],
            [
              -58.7530253683095,
              -27.4093139069899
            ],
            [
              -58.7527938498932,
              -27.4091536453329
            ],
            [
              -58.7526862874298,
              -27.409018113128
            ],
            [
              -58.7522539612847,
              -27.4090810973189
            ],
            [
              -58.7520759199919,
              -27.4090486308823
            ],
            [
              -58.7518458223143,
              -27.4088967729936
            ],
            [
              -58.7517737108225,
              -27.4088141693406
            ],
            [
              -58.7518081881677,
              -27.4086369845992
            ],
            [
              -58.7516788461227,
              -27.4085856730759
            ],
            [
              -58.7518932080183,
              -27.4084237219263
            ],
            [
              -58.7511154257887,
              -27.4085035042365
            ],
            [
              -58.7509798829825,
              -27.408402029529
            ],
            [
              -58.7509196162344,
              -27.4082497194647
            ],
            [
              -58.7507853914661,
              -27.4081996201717
            ],
            [
              -58.7506764487512,
              -27.4081807699983
            ],
            [
              -58.7505734842583,
              -27.4081629787711
            ],
            [
              -58.7504671825293,
              -27.4081755616835
            ],
            [
              -58.750361237093,
              -27.4081565652859
            ],
            [
              -58.7502553921927,
              -27.4081285475789
            ],
            [
              -58.750149649896,
              -27.4080915067771
            ],
            [
              -58.7500188880528,
              -27.4080316840341
            ],
            [
              -58.7498890900557,
              -27.4078861491974
            ],
            [
              -58.7497788511919,
              -27.4077994402273
            ],
            [
              -58.7496990429267,
              -27.4077039810005
            ],
            [
              -58.7493988597989,
              -27.4074260811865
            ],
            [
              -58.7486425170708,
              -27.4068057170408
            ],
            [
              -58.7479139989596,
              -27.4061878434611
            ],
            [
              -58.7479022357882,
              -27.405989011621
            ],
            [
              -58.7479192490706,
              -27.4058502056981
            ],
            [
              -58.7478254348846,
              -27.4057042537656
            ],
            [
              -58.747669727644,
              -27.405669426576
            ],
            [
              -58.7474772141393,
              -27.4056067560013
            ],
            [
              -58.7474099780177,
              -27.4055365482108
            ],
            [
              -58.7474235370293,
              -27.4054645768964
            ],
            [
              -58.7474999290328,
              -27.4053865149498
            ],
            [
              -58.7475054914018,
              -27.4053054706177
            ],
            [
              -58.747474175277,
              -27.4052174416639
            ],
            [
              -58.7473837046331,
              -27.4051788661442
            ],
            [
              -58.7472505620937,
              -27.405268560915
            ],
            [
              -58.7470645996981,
              -27.4053954666676
            ],
            [
              -58.7469970334231,
              -27.4053822445719
            ],
            [
              -58.746876909585,
              -27.4053419924804
            ],
            [
              -58.7466994192462,
              -27.405283059456
            ],
            [
              -58.7465586213819,
              -27.4051619180021
            ],
            [
              -58.7464351126793,
              -27.4050169788364
            ],
            [
              -58.7461448549386,
              -27.4047318627458
            ],
            [
              -58.7460674580224,
              -27.4047407047864
            ],
            [
              -58.7457116838029,
              -27.4044649336574
            ],
            [
              -58.7452113773831,
              -27.4040047608691
            ]
          ]
        ]
      }
    },
    {
      "type": "Feature",
      "properties": {
        "id": 121,
        "nombre": "SANTA RITA SUR",
        "tipo": "ZONAS EN ORDENAMIENTO",
        "ordenanza": "S/D",
        "superficie_ha": "164.841.752.627.056"
      },
      "geometry": {
        "type": "Polygon",
        "coordinates": [
          [
            [
              -58.7636221731499,
              -27.4880477053514
            ],
            [
              -58.7608591818814,
              -27.4889258290919
            ],
            [
              -58.7608221606053,
              -27.4889375945846
            ],
            [
              -58.7608369597273,
              -27.4890175988001
            ],
            [
              -58.7611088356679,
              -27.4906370452331
            ],
            [
              -58.7612923376654,
              -27.4917241295476
            ],
            [
              -58.7614704639486,
              -27.4927827878078
            ],
            [
              -58.7616449180644,
              -27.4938196037366
            ],
            [
              -58.7628301218745,
              -27.4936695639572
            ],
            [
              -58.7644075334337,
              -27.4934499369591
            ],
            [
              -58.7644107673852,
              -27.4934494866685
            ],
            [
              -58.7644462524351,
              -27.49344397667
            ],
            [
              -58.7641272922341,
              -27.4913426457012
            ],
            [
              -58.7639641506051,
              -27.4902678307377
            ],
            [
              -58.7637994512193,
              -27.4892085084372
            ],
            [
              -58.7636317291236,
              -27.4881102776736
            ],
            [
              -58.7636221731499,
              -27.4880477053514
            ]
          ]
        ]
      }
    },
    {
      "type": "Feature",
      "properties": {
        "id": 122,
        "nombre": "SANTA RITA NORTE",
        "tipo": "ZONAS EN ORDENAMIENTO",
        "ordenanza": "S/D",
        "superficie_ha": "194.290.336.891.252"
      },
      "geometry": {
        "type": "Polygon",
        "coordinates": [
          [
            [
              -58.7620038184015,
              -27.4822011046832
            ],
            [
              -58.761761888369,
              -27.4822536252278
            ],
            [
              -58.7609081227674,
              -27.4824518224329
            ],
            [
              -58.7606800012758,
              -27.4824905272976
            ],
            [
              -58.7597902617118,
              -27.4826671326981
            ],
            [
              -58.7599129561812,
              -27.4833525481568
            ],
            [
              -58.7600746840212,
              -27.4843558335586
            ],
            [
              -58.7602449690631,
              -27.4852492477812
            ],
            [
              -58.760424634939,
              -27.4863203249187
            ],
            [
              -58.760599199914,
              -27.4873645405138
            ],
            [
              -58.760814003623,
              -27.4888660866279
            ],
            [
              -58.7608221606053,
              -27.4889375945846
            ],
            [
              -58.7608591818814,
              -27.4889258290919
            ],
            [
              -58.7636221731499,
              -27.4880477053514
            ],
            [
              -58.7635704061598,
              -27.4878311383398
            ],
            [
              -58.7634121641592,
              -27.4870063445353
            ],
            [
              -58.7633367206796,
              -27.4865914695312
            ],
            [
              -58.7633339673259,
              -27.4865752466033
            ],
            [
              -58.7632253359828,
              -27.4859351696405
            ],
            [
              -58.7630485579038,
              -27.4848778516937
            ],
            [
              -58.7628974907239,
              -27.4839789274147
            ],
            [
              -58.7627859423473,
              -27.4833133038793
            ],
            [
              -58.7627269627257,
              -27.4829613620106
            ],
            [
              -58.7625864572798,
              -27.4821229330311
            ],
            [
              -58.7620038184015,
              -27.4822011046832
            ]
          ]
        ]
      }
    },
    {
      "type": "Feature",
      "properties": {
        "id": 44,
        "nombre": "JOSE MARIA PONCE",
        "tipo": "BARRIOS POR ORDENANZA",
        "ordenanza": "578/72",
        "superficie_ha": "170.390.504.531.416"
      },
      "geometry": {
        "type": "Polygon",
        "coordinates": [
          [
            [
              -58.7825143499315,
              -27.4841155731558
            ],
            [
              -58.7805312652231,
              -27.484441950295
            ],
            [
              -58.7802217396814,
              -27.4844928894312
            ],
            [
              -58.7795398887346,
              -27.4845963687041
            ],
            [
              -58.7791028636951,
              -27.4846570063155
            ],
            [
              -58.7769256568522,
              -27.4849782335534
            ],
            [
              -58.7746579083148,
              -27.4853442701322
            ],
            [
              -58.7727466196743,
              -27.4856542963589
            ],
            [
              -58.7718604792924,
              -27.4857970009557
            ],
            [
              -58.7696642872979,
              -27.4862156150407
            ],
            [
              -58.769037743536,
              -27.4863345263357
            ],
            [
              -58.7684765040606,
              -27.4865099161184
            ],
            [
              -58.7668911124576,
              -27.4870121713023
            ],
            [
              -58.7650065898425,
              -27.48760916196
            ],
            [
              -58.7636221731499,
              -27.4880477053514
            ],
            [
              -58.7636317291236,
              -27.4881102776736
            ],
            [
              -58.7637994512193,
              -27.4892085084372
            ],
            [
              -58.7639641506051,
              -27.4902678307377
            ],
            [
              -58.7641272922341,
              -27.4913426457012
            ],
            [
              -58.7644352643704,
              -27.493371587736
            ],
            [
              -58.7644462524351,
              -27.49344397667
            ],
            [
              -58.7644075334337,
              -27.4934499369591
            ],
            [
              -58.765210225288,
              -27.4982644137798
            ],
            [
              -58.7692360377642,
              -27.4975638336018
            ],
            [
              -58.7700056202937,
              -27.4974487000584
            ],
            [
              -58.7700273588354,
              -27.4974455749479
            ],
            [
              -58.7702635354222,
              -27.4974116222121
            ],
            [
              -58.7713672975656,
              -27.4972547393894
            ],
            [
              -58.7713838541844,
              -27.4972187810441
            ],
            [
              -58.7714089734191,
              -27.4971560222888
            ],
            [
              -58.7714406272573,
              -27.4970992072593
            ],
            [
              -58.771470248789,
              -27.4970470831043
            ],
            [
              -58.7715135472765,
              -27.4970115605915
            ],
            [
              -58.7715678631332,
              -27.4969943820381
            ],
            [
              -58.7715875054601,
              -27.4969872312416
            ],
            [
              -58.7716663133052,
              -27.4969645979953
            ],
            [
              -58.7723587364439,
              -27.4968697932262
            ],
            [
              -58.7730219877278,
              -27.4967789791874
            ],
            [
              -58.7735637868014,
              -27.4967047922199
            ],
            [
              -58.7743672829905,
              -27.4965948372313
            ],
            [
              -58.7754411704829,
              -27.4964364122144
            ],
            [
              -58.7771652921531,
              -27.4961799523459
            ],
            [
              -58.7772476410762,
              -27.4961674236729
            ],
            [
              -58.7782972893802,
              -27.4936785632219
            ],
            [
              -58.77913395402,
              -27.4916014194498
            ],
            [
              -58.7796979671702,
              -27.4903510471502
            ],
            [
              -58.7806391345108,
              -27.4882017539177
            ],
            [
              -58.7814540404858,
              -27.4862327662099
            ],
            [
              -58.7818455594838,
              -27.4855166061587
            ],
            [
              -58.7818847398206,
              -27.4854345293384
            ],
            [
              -58.7825143499315,
              -27.4841155731558
            ]
          ]
        ]
      }
    },
    {
      "type": "Feature",
      "properties": {
        "id": 133,
        "nombre": "ZONA SUR PONCE",
        "tipo": "ZONAS EN ORDENAMIENTO",
        "ordenanza": "S/D",
        "superficie_ha": "442.628.349.147.488"
      },
      "geometry": {
        "type": "Polygon",
        "coordinates": [
          [
            [
              -58.7704199856951,
              -27.5016473638673
            ],
            [
              -58.7707758395032,
              -27.5015936459466
            ],
            [
              -58.7705094979208,
              -27.5001597875814
            ],
            [
              -58.7718695493336,
              -27.4999480123157
            ],
            [
              -58.7718173963968,
              -27.499667260047
            ],
            [
              -58.7704573483799,
              -27.4998790349218
            ],
            [
              -58.7700059694263,
              -27.4974489337547
            ],
            [
              -58.7700056202937,
              -27.4974487000584
            ],
            [
              -58.7700273588354,
              -27.4974455749479
            ],
            [
              -58.7702635354222,
              -27.4974116222121
            ],
            [
              -58.7713672975656,
              -27.4972547393894
            ],
            [
              -58.7713838541844,
              -27.4972187810441
            ],
            [
              -58.7714089734191,
              -27.4971560222888
            ],
            [
              -58.7714406272573,
              -27.4970992072593
            ],
            [
              -58.771470248789,
              -27.4970470831043
            ],
            [
              -58.7715135472765,
              -27.4970115605915
            ],
            [
              -58.7715678631332,
              -27.4969943820381
            ],
            [
              -58.7715875054601,
              -27.4969872312416
            ],
            [
              -58.7716663133052,
              -27.4969645979953
            ],
            [
              -58.7723587364439,
              -27.4968697932262
            ],
            [
              -58.7730219877278,
              -27.4967789791874
            ],
            [
              -58.7735637868014,
              -27.4967047922199
            ],
            [
              -58.7743672829905,
              -27.4965948372313
            ],
            [
              -58.7754411704829,
              -27.4964364122144
            ],
            [
              -58.7771652921531,
              -27.4961799523459
            ],
            [
              -58.7772476410762,
              -27.4961674236729
            ],
            [
              -58.7764675526103,
              -27.4980276147743
            ],
            [
              -58.7754602516552,
              -27.5004135977185
            ],
            [
              -58.7753779043427,
              -27.5006209890863
            ],
            [
              -58.7747052885698,
              -27.5022139690481
            ],
            [
              -58.7742304512215,
              -27.5033385119627
            ],
            [
              -58.7730613062317,
              -27.5060749341193
            ],
            [
              -58.7729319544979,
              -27.5059404971316
            ],
            [
              -58.7726470388828,
              -27.5057801827631
            ],
            [
              -58.7720266980314,
              -27.5054034637063
            ],
            [
              -58.7710737309949,
              -27.5048162445394
            ],
            [
              -58.7709986767468,
              -27.5047582073488
            ],
            [
              -58.7709462925619,
              -27.5047037453563
            ],
            [
              -58.7709318292105,
              -27.5046428684767
            ],
            [
              -58.7709072001571,
              -27.5045404933802
            ],
            [
              -58.7708821825801,
              -27.5043420593008
            ],
            [
              -58.77085996413,
              -27.5041275536674
            ],
            [
              -58.7707662908396,
              -27.5037014822893
            ],
            [
              -58.7707380396122,
              -27.503518985349
            ],
            [
              -58.7707390896771,
              -27.5034244960188
            ],
            [
              -58.7706886564144,
              -27.5031945537572
            ],
            [
              -58.7705018025875,
              -27.5021281056448
            ],
            [
              -58.7704393061379,
              -27.5017917457187
            ],
            [
              -58.7704199856951,
              -27.5016473638673
            ]
          ]
        ]
      }
    },
    {
      "type": "Feature",
      "properties": {
        "id": 17,
        "nombre": "CENTRO",
        "tipo": "BARRIOS POR ORDENANZA",
        "ordenanza": "578/72",
        "superficie_ha": "781.520.187.233.539"
      },
      "geometry": {
        "type": "Polygon",
        "coordinates": [
          [
            [
              -58.8309693751741,
              -27.4764994494908
            ],
            [
              -58.8314309843957,
              -27.4764381946324
            ],
            [
              -58.8375553168533,
              -27.475660842232
            ],
            [
              -58.8368549990389,
              -27.4686425999003
            ],
            [
              -58.8366345678994,
              -27.4664728443772
            ],
            [
              -58.8329442013316,
              -27.4667851908922
            ],
            [
              -58.8290890357004,
              -27.4670495174811
            ],
            [
              -58.8292074095201,
              -27.4682942356639
            ],
            [
              -58.8293395611427,
              -27.469370972414
            ],
            [
              -58.8299531427384,
              -27.475022484374
            ],
            [
              -58.8301664631927,
              -27.4766013402606
            ],
            [
              -58.8309693751741,
              -27.4764994494908
            ]
          ]
        ]
      }
    },
    {
      "type": "Feature",
      "properties": {
        "id": 154,
        "nombre": "JOSE MARIA PAZ",
        "tipo": "BARRIOS POR ORDENANZA",
        "ordenanza": "7503/24",
        "superficie_ha": ""
      },
      "geometry": {
        "type": "Polygon",
        "coordinates": [
          [
            [
              -58.6897587284527,
              -27.486189545142
            ],
            [
              -58.6914222575984,
              -27.4933161316516
            ],
            [
              -58.688529285542,
              -27.4936186506271
            ],
            [
              -58.6884643029858,
              -27.4929897300008
            ],
            [
              -58.6874978135814,
              -27.4902163570029
            ],
            [
              -58.6864119481577,
              -27.4878231006619
            ],
            [
              -58.6872433145286,
              -27.4869805169523
            ],
            [
              -58.6897587284527,
              -27.486189545142
            ]
          ]
        ]
      }
    },
    {
      "type": "Feature",
      "properties": {
        "id": 150,
        "nombre": "PASO MARTINEZ",
        "tipo": "ZONAS EN ORDENAMIENTO",
        "ordenanza": "S/D",
        "superficie_ha": "196.213.920.520.105"
      },
      "geometry": {
        "type": "Polygon",
        "coordinates": [
          [
            [
              -58.6681390771363,
              -27.5155168786497
            ],
            [
              -58.6625577279111,
              -27.5116131357875
            ],
            [
              -58.6593359734854,
              -27.5141485722049
            ],
            [
              -58.6565226104563,
              -27.5147522388965
            ],
            [
              -58.6551613057672,
              -27.5155973667356
            ],
            [
              -58.6523933195661,
              -27.51591931849
            ],
            [
              -58.6516672903986,
              -27.5155168786497
            ],
            [
              -58.6504874930712,
              -27.5156778547497
            ],
            [
              -58.6502152320636,
              -27.5161607816874
            ],
            [
              -58.649625333365,
              -27.5170058987038
            ],
            [
              -58.652098370201,
              -27.5225392425312
            ],
            [
              -58.6527336457603,
              -27.5274083547281
            ],
            [
              -58.6585645674899,
              -27.5304866491454
            ],
            [
              -58.6619224523895,
              -27.5244506965778
            ],
            [
              -58.6625577279111,
              -27.5230422599622
            ],
            [
              -58.6657085810681,
              -27.5171618422138
            ],
            [
              -58.6681390771363,
              -27.5155168786497
            ]
          ]
        ]
      }
    },
    {
      "type": "Feature",
      "properties": {
        "id": 91,
        "nombre": "SAPUCAY",
        "tipo": "BARRIOS POR ORDENANZA",
        "ordenanza": "5844/13",
        "superficie_ha": "414.813.326.016.582"
      },
      "geometry": {
        "type": "Polygon",
        "coordinates": [
          [
            [
              -58.7364276469907,
              -27.4918752337251
            ],
            [
              -58.7368835287694,
              -27.4919854845374
            ],
            [
              -58.7371697751861,
              -27.492058386849
            ],
            [
              -58.7374358831683,
              -27.4921252815894
            ],
            [
              -58.7377557657396,
              -27.4922032149005
            ],
            [
              -58.7380967343092,
              -27.4922766492389
            ],
            [
              -58.7385398338295,
              -27.4923861795853
            ],
            [
              -58.7388902856293,
              -27.4924350782891
            ],
            [
              -58.7393050551014,
              -27.4924927653866
            ],
            [
              -58.7395622711143,
              -27.4925326111381
            ],
            [
              -58.7400505203622,
              -27.4926026852348
            ],
            [
              -58.740408860725,
              -27.4926516515688
            ],
            [
              -58.7408262076538,
              -27.4927140469624
            ],
            [
              -58.7412445418047,
              -27.4926896949394
            ],
            [
              -58.7411877816616,
              -27.4923990415224
            ],
            [
              -58.7402109020494,
              -27.4873418291538
            ],
            [
              -58.7395903276334,
              -27.484132592909
            ],
            [
              -58.7379384804881,
              -27.4842708687468
            ],
            [
              -58.7367109807377,
              -27.4844493211105
            ],
            [
              -58.7357508548351,
              -27.4845744302207
            ],
            [
              -58.7354454575619,
              -27.4846720260743
            ],
            [
              -58.7349623028704,
              -27.4847585017751
            ],
            [
              -58.7364276469907,
              -27.4918752337251
            ]
          ]
        ]
      }
    },
    {
      "type": "Feature",
      "properties": {
        "id": 26,
        "nombre": "CRISTOBAL COLON",
        "tipo": "BARRIOS POR ORDENANZA",
        "ordenanza": "1829/88",
        "superficie_ha": "764.935.351.614.421"
      },
      "geometry": {
        "type": "Polygon",
        "coordinates": [
          [
            [
              -58.8282275138451,
              -27.4989853160947
            ],
            [
              -58.8308870630477,
              -27.4986499815103
            ],
            [
              -58.8309587062502,
              -27.4986409474985
            ],
            [
              -58.8308741714573,
              -27.4982380096805
            ],
            [
              -58.8308296611508,
              -27.4979097531796
            ],
            [
              -58.8308214224312,
              -27.497864979103
            ],
            [
              -58.830579476753,
              -27.4966464093626
            ],
            [
              -58.8288071108814,
              -27.4969501636113
            ],
            [
              -58.828806712166,
              -27.4969502255634
            ],
            [
              -58.8271658464931,
              -27.497205171433
            ],
            [
              -58.8270970896653,
              -27.4972158539217
            ],
            [
              -58.8274355637512,
              -27.499088920963
            ],
            [
              -58.8282275138451,
              -27.4989853160947
            ]
          ]
        ]
      }
    },
    {
      "type": "Feature",
      "properties": {
        "id": 29,
        "nombre": "DR NICOLINI",
        "tipo": "BARRIOS POR ORDENANZA",
        "ordenanza": "1132/82",
        "superficie_ha": "986.252.318.319.094"
      },
      "geometry": {
        "type": "Polygon",
        "coordinates": [
          [
            [
              -58.8283238584556,
              -27.4942187733304
            ],
            [
              -58.828806712166,
              -27.4969502255634
            ],
            [
              -58.8288071108814,
              -27.4969501636113
            ],
            [
              -58.830579476753,
              -27.4966464093626
            ],
            [
              -58.8300929956109,
              -27.4939817375378
            ],
            [
              -58.8296950269772,
              -27.4917865506381
            ],
            [
              -58.8278694246119,
              -27.4920500359391
            ],
            [
              -58.8283238584556,
              -27.4942187733304
            ]
          ]
        ]
      }
    },
    {
      "type": "Feature",
      "properties": {
        "id": 45,
        "nombre": "JUAN DE VERA",
        "tipo": "BARRIOS POR ORDENANZA",
        "ordenanza": "578/72",
        "superficie_ha": "578.942.093.802.198"
      },
      "geometry": {
        "type": "Polygon",
        "coordinates": [
          [
            [
              -58.8408629343389,
              -27.4933022483252
            ],
            [
              -58.8409009003112,
              -27.4933592050766
            ],
            [
              -58.8409898475512,
              -27.4934008785534
            ],
            [
              -58.8411173524577,
              -27.4933922703015
            ],
            [
              -58.850681763509,
              -27.4916496868954
            ],
            [
              -58.8514623039035,
              -27.4915102821906
            ],
            [
              -58.8516857940131,
              -27.4885795140293
            ],
            [
              -58.8517281801692,
              -27.4878825805027
            ],
            [
              -58.8515579197926,
              -27.4878177082949
            ],
            [
              -58.8513724056289,
              -27.4877432906748
            ],
            [
              -58.8469779583704,
              -27.4859513369397
            ],
            [
              -58.8466116545144,
              -27.4866850145159
            ],
            [
              -58.8468337717095,
              -27.4879860677449
            ],
            [
              -58.84554652898,
              -27.4881545248013
            ],
            [
              -58.8440667164258,
              -27.4883481673842
            ],
            [
              -58.8425399239245,
              -27.4885556066936
            ],
            [
              -58.8411210410813,
              -27.488734221767
            ],
            [
              -58.8403244398049,
              -27.4888287148063
            ],
            [
              -58.8407241461755,
              -27.4922593113498
            ],
            [
              -58.8408510678757,
              -27.4931918140594
            ],
            [
              -58.8407938137757,
              -27.4932227651671
            ],
            [
              -58.8408629343389,
              -27.4933022483252
            ]
          ]
        ]
      }
    },
    {
      "type": "Feature",
      "properties": {
        "id": 73,
        "nombre": "QUINTA FERRE",
        "tipo": "BARRIOS POR ORDENANZA",
        "ordenanza": "1923/89",
        "superficie_ha": "234.230.218.520.081"
      },
      "geometry": {
        "type": "Polygon",
        "coordinates": [
          [
            [
              -58.8059343726505,
              -27.4603889997349
            ],
            [
              -58.8056851198951,
              -27.4604287180531
            ],
            [
              -58.8055695694686,
              -27.460597815334
            ],
            [
              -58.8054555125317,
              -27.4607790423576
            ],
            [
              -58.8053841254567,
              -27.4609018267112
            ],
            [
              -58.8053256260716,
              -27.4609963387379
            ],
            [
              -58.8053248475296,
              -27.4610590727968
            ],
            [
              -58.8053060272599,
              -27.4611475305856
            ],
            [
              -58.8054016676793,
              -27.4612132884997
            ],
            [
              -58.8055039734335,
              -27.4613437930026
            ],
            [
              -58.8055141735811,
              -27.461652246575
            ],
            [
              -58.8051229964,
              -27.4621884458471
            ],
            [
              -58.8047785365902,
              -27.4626271087064
            ],
            [
              -58.8046174412471,
              -27.462883935712
            ],
            [
              -58.8045421736327,
              -27.4629915823098
            ],
            [
              -58.8042979662848,
              -27.4633015307552
            ],
            [
              -58.8041729416935,
              -27.4635178492451
            ],
            [
              -58.8041895543619,
              -27.4637743440417
            ],
            [
              -58.8041045637567,
              -27.464135644583
            ],
            [
              -58.8039829543769,
              -27.4644188677325
            ],
            [
              -58.8039367251206,
              -27.464838903295
            ],
            [
              -58.8037448690548,
              -27.4654473166885
            ],
            [
              -58.8037361302416,
              -27.4661117873588
            ],
            [
              -58.8037857914936,
              -27.4666073001193
            ],
            [
              -58.8038023005369,
              -27.4667869638433
            ],
            [
              -58.8040428718048,
              -27.467423103647
            ],
            [
              -58.8043098075163,
              -27.468085784788
            ],
            [
              -58.8060466131451,
              -27.4675635519348
            ],
            [
              -58.8058025713645,
              -27.4669879167021
            ],
            [
              -58.8062964548938,
              -27.4668011405613
            ],
            [
              -58.8060585188586,
              -27.4663408132884
            ],
            [
              -58.8058537751968,
              -27.4659446989758
            ],
            [
              -58.8049581499502,
              -27.4642297202146
            ],
            [
              -58.8054479408293,
              -27.4640292314071
            ],
            [
              -58.8064147395728,
              -27.4636309818499
            ],
            [
              -58.8068628483639,
              -27.4644891237575
            ],
            [
              -58.8078320780271,
              -27.4640909220582
            ],
            [
              -58.8088250926897,
              -27.4660660111004
            ],
            [
              -58.8095591575636,
              -27.465824214812
            ],
            [
              -58.8093947771894,
              -27.4647841076635
            ],
            [
              -58.8092580983022,
              -27.4637363474407
            ],
            [
              -58.8090764935481,
              -27.4626928583724
            ],
            [
              -58.8088772048321,
              -27.4614101305929
            ],
            [
              -58.8086192557582,
              -27.4614658231722
            ],
            [
              -58.8082753442387,
              -27.4615774415883
            ],
            [
              -58.8080049187518,
              -27.4616357205946
            ],
            [
              -58.807743025553,
              -27.4616528891645
            ],
            [
              -58.8075074758209,
              -27.4615028509255
            ],
            [
              -58.8073430710622,
              -27.4613556313045
            ],
            [
              -58.8071484953208,
              -27.4612917253181
            ],
            [
              -58.8069690478173,
              -27.4613105409522
            ],
            [
              -58.8066904472992,
              -27.4613423085513
            ],
            [
              -58.8063790626505,
              -27.4613000381301
            ],
            [
              -58.806399827687,
              -27.4611555931466
            ],
            [
              -58.8064170123967,
              -27.4609460951381
            ],
            [
              -58.8063117134648,
              -27.4607790002657
            ],
            [
              -58.8062387807022,
              -27.4606307321502
            ],
            [
              -58.8060996872753,
              -27.460476215794
            ],
            [
              -58.8059343726505,
              -27.4603889997349
            ]
          ]
        ]
      }
    },
    {
      "type": "Feature",
      "properties": {
        "id": 74,
        "nombre": "REPUBLICA DE VENEZUELA",
        "tipo": "BARRIOS POR ORDENANZA",
        "ordenanza": "1173/82",
        "superficie_ha": "868.040.787.742.812"
      },
      "geometry": {
        "type": "Polygon",
        "coordinates": [
          [
            [
              -58.7998876275557,
              -27.4892008655882
            ],
            [
              -58.7997931514834,
              -27.4895843487256
            ],
            [
              -58.7997452874952,
              -27.4900575424829
            ],
            [
              -58.7995965720566,
              -27.4913964694752
            ],
            [
              -58.8011207408473,
              -27.4915103389669
            ],
            [
              -58.801779944128,
              -27.4915595823131
            ],
            [
              -58.8032433448847,
              -27.4908853283431
            ],
            [
              -58.8017213027391,
              -27.488311357675
            ],
            [
              -58.7998876275557,
              -27.4892008655882
            ]
          ]
        ]
      }
    },
    {
      "type": "Feature",
      "properties": {
        "id": 78,
        "nombre": "SAN BENITO",
        "tipo": "BARRIOS POR ORDENANZA",
        "ordenanza": "578/72",
        "superficie_ha": "531.408.017.588.358"
      },
      "geometry": {
        "type": "Polygon",
        "coordinates": [
          [
            [
              -58.8503945324229,
              -27.4823934055075
            ],
            [
              -58.8505663450992,
              -27.4820321919549
            ],
            [
              -58.8504521303489,
              -27.4812842258512
            ],
            [
              -58.849820851831,
              -27.4765575350424
            ],
            [
              -58.849689307757,
              -27.475391188407
            ],
            [
              -58.849486905928,
              -27.474168575275
            ],
            [
              -58.8473985411239,
              -27.4744240361799
            ],
            [
              -58.8443081376966,
              -27.474812606529
            ],
            [
              -58.8456339907598,
              -27.484543769695
            ],
            [
              -58.846912537678,
              -27.4843566631463
            ],
            [
              -58.8474543180583,
              -27.4841314834427
            ],
            [
              -58.8495363242943,
              -27.4828972147957
            ],
            [
              -58.8503945324229,
              -27.4823934055075
            ]
          ]
        ]
      }
    },
    {
      "type": "Feature",
      "properties": {
        "id": 79,
        "nombre": "SAN GERONIMO",
        "tipo": "BARRIOS POR ORDENANZA",
        "ordenanza": "578/72",
        "superficie_ha": "776.707.420.414.312"
      },
      "geometry": {
        "type": "Polygon",
        "coordinates": [
          [
            [
              -58.7879208421877,
              -27.4767828493686
            ],
            [
              -58.7886644280246,
              -27.4766422786233
            ],
            [
              -58.7895134193962,
              -27.476512629103
            ],
            [
              -58.7898736046861,
              -27.4764551288808
            ],
            [
              -58.7900189476873,
              -27.4764319259435
            ],
            [
              -58.7906300287739,
              -27.4763343695796
            ],
            [
              -58.7912658249321,
              -27.4762328645142
            ],
            [
              -58.792406593258,
              -27.4760779736315
            ],
            [
              -58.7936640346372,
              -27.4758499615461
            ],
            [
              -58.7930457565475,
              -27.4730378885386
            ],
            [
              -58.7927439391876,
              -27.4714260418781
            ],
            [
              -58.7919496630967,
              -27.4671888587796
            ],
            [
              -58.7919486817953,
              -27.467188611568
            ],
            [
              -58.7901504617714,
              -27.4667436783042
            ],
            [
              -58.7899695080243,
              -27.4667072962399
            ],
            [
              -58.7898164455109,
              -27.4666772690614
            ],
            [
              -58.7870814320386,
              -27.4659934988294
            ],
            [
              -58.7864156000004,
              -27.4658211760977
            ],
            [
              -58.7864005638453,
              -27.4659939714156
            ],
            [
              -58.7855403953559,
              -27.4738704428934
            ],
            [
              -58.7854380835966,
              -27.4748097995413
            ],
            [
              -58.7853414442762,
              -27.4759508548492
            ],
            [
              -58.7851627833197,
              -27.4776187650973
            ],
            [
              -58.7859366697703,
              -27.4772902157881
            ],
            [
              -58.7879208421877,
              -27.4767828493686
            ]
          ]
        ]
      }
    },
    {
      "type": "Feature",
      "properties": {
        "id": 92,
        "nombre": "SARGENTO CABRAL",
        "tipo": "BARRIOS POR ORDENANZA",
        "ordenanza": "578/72",
        "superficie_ha": "254.098.670.453.464"
      },
      "geometry": {
        "type": "Polygon",
        "coordinates": [
          [
            [
              -58.8430742857904,
              -27.48481710661
            ],
            [
              -58.839894024908,
              -27.4851734923068
            ],
            [
              -58.8403244398049,
              -27.4888287148063
            ],
            [
              -58.8411210410813,
              -27.488734221767
            ],
            [
              -58.8425399239245,
              -27.4885556066936
            ],
            [
              -58.8440667164258,
              -27.4883481673842
            ],
            [
              -58.84554652898,
              -27.4881545248013
            ],
            [
              -58.8468337717095,
              -27.4879860677449
            ],
            [
              -58.8466116545144,
              -27.4866850145159
            ],
            [
              -58.8469779583704,
              -27.4859513369397
            ],
            [
              -58.8458733572513,
              -27.4855133312309
            ],
            [
              -58.8457452864724,
              -27.4852877295588
            ],
            [
              -58.8456339907598,
              -27.484543769695
            ],
            [
              -58.8430742857904,
              -27.48481710661
            ]
          ]
        ]
      }
    },
    {
      "type": "Feature",
      "properties": {
        "id": 101,
        "nombre": "VILLA CHIQUITA",
        "tipo": "BARRIOS POR ORDENANZA",
        "ordenanza": "578/72",
        "superficie_ha": "691.996.248.372.494"
      },
      "geometry": {
        "type": "Polygon",
        "coordinates": [
          [
            [
              -58.8110569977198,
              -27.4871560927208
            ],
            [
              -58.8107266212824,
              -27.4848973180545
            ],
            [
              -58.810127248497,
              -27.4805021727881
            ],
            [
              -58.8098397312304,
              -27.4791322766243
            ],
            [
              -58.8054186958772,
              -27.4796788199455
            ],
            [
              -58.8052287609721,
              -27.4797030470008
            ],
            [
              -58.8045339282536,
              -27.4798404157131
            ],
            [
              -58.8038707877082,
              -27.4800300297997
            ],
            [
              -58.8012421086988,
              -27.4807886812673
            ],
            [
              -58.8012550135105,
              -27.4808664664118
            ],
            [
              -58.8012685770767,
              -27.4809586270349
            ],
            [
              -58.8013538713845,
              -27.4814439987889
            ],
            [
              -58.8012884475846,
              -27.481470418227
            ],
            [
              -58.8014801662155,
              -27.4825726107103
            ],
            [
              -58.8014172891572,
              -27.4825877085452
            ],
            [
              -58.8015004134309,
              -27.4830084762744
            ],
            [
              -58.8016986847248,
              -27.4840211699348
            ],
            [
              -58.8018697360167,
              -27.4850177881877
            ],
            [
              -58.8020554190014,
              -27.4860996386858
            ],
            [
              -58.8022479190509,
              -27.487192975157
            ],
            [
              -58.8072310785192,
              -27.4864947994059
            ],
            [
              -58.8074884471395,
              -27.4865090924755
            ],
            [
              -58.8082797763559,
              -27.4866548783442
            ],
            [
              -58.810180291973,
              -27.487008383871
            ],
            [
              -58.8110569977198,
              -27.4871560927208
            ]
          ]
        ]
      }
    },
    {
      "type": "Feature",
      "properties": {
        "id": 103,
        "nombre": "VILLA PATONO",
        "tipo": "BARRIOS POR ORDENANZA",
        "ordenanza": "578/72",
        "superficie_ha": "111.707.437.875.768"
      },
      "geometry": {
        "type": "Polygon",
        "coordinates": [
          [
            [
              -58.850681763509,
              -27.4916496868954
            ],
            [
              -58.8411173524577,
              -27.4933922703015
            ],
            [
              -58.8409898475512,
              -27.4934008785534
            ],
            [
              -58.8409009003112,
              -27.4933592050766
            ],
            [
              -58.8409107582507,
              -27.493500888459
            ],
            [
              -58.8409567293002,
              -27.4939847385461
            ],
            [
              -58.8411849011826,
              -27.4960236739541
            ],
            [
              -58.8415817957919,
              -27.4994982311446
            ],
            [
              -58.8415928984223,
              -27.4998130453999
            ],
            [
              -58.8416037087884,
              -27.5000203807078
            ],
            [
              -58.8414972527644,
              -27.5003482796755
            ],
            [
              -58.8415370325001,
              -27.5006919014635
            ],
            [
              -58.8415932778702,
              -27.500757643331
            ],
            [
              -58.8421414975115,
              -27.501179609723
            ],
            [
              -58.8422091147114,
              -27.5012366071519
            ],
            [
              -58.842249398872,
              -27.5012732054678
            ],
            [
              -58.8422690271911,
              -27.5013906232017
            ],
            [
              -58.8422462365589,
              -27.5015753715553
            ],
            [
              -58.8421479894244,
              -27.5018960866536
            ],
            [
              -58.8419921794737,
              -27.5022767610166
            ],
            [
              -58.8421404206006,
              -27.5023601911389
            ],
            [
              -58.8424876833973,
              -27.502536467804
            ],
            [
              -58.8428366375774,
              -27.5027107601996
            ],
            [
              -58.8430894975287,
              -27.5028842526826
            ],
            [
              -58.8433083664526,
              -27.5030917400281
            ],
            [
              -58.8433585986738,
              -27.5031706529593
            ],
            [
              -58.8434454652407,
              -27.5033071167702
            ],
            [
              -58.8435205053376,
              -27.50348341487
            ],
            [
              -58.8435278095882,
              -27.5034798428092
            ],
            [
              -58.8435708034779,
              -27.503670754707
            ],
            [
              -58.843610438057,
              -27.5039013888673
            ],
            [
              -58.843625992683,
              -27.5041371787832
            ],
            [
              -58.8435882208479,
              -27.5043028984308
            ],
            [
              -58.8435372609578,
              -27.5045809828118
            ],
            [
              -58.843450600365,
              -27.5048266348295
            ],
            [
              -58.8438251290619,
              -27.505012512662
            ],
            [
              -58.8439206893292,
              -27.5048826429721
            ],
            [
              -58.8440420341512,
              -27.5046135483644
            ],
            [
              -58.8440832594717,
              -27.5044494804127
            ],
            [
              -58.8441635010651,
              -27.5043327110345
            ],
            [
              -58.8442438651806,
              -27.5042041990145
            ],
            [
              -58.8444176391983,
              -27.5039590267879
            ],
            [
              -58.8444844657145,
              -27.5038656329874
            ],
            [
              -58.8446054400131,
              -27.5036317655454
            ],
            [
              -58.844778108595,
              -27.503492276122
            ],
            [
              -58.8448334823283,
              -27.5032343764865
            ],
            [
              -58.8449479539044,
              -27.5029613131791
            ],
            [
              -58.8451318773004,
              -27.5025922998541
            ],
            [
              -58.8453249397176,
              -27.5022910805603
            ],
            [
              -58.8458393629982,
              -27.5017419513617
            ],
            [
              -58.8464347456952,
              -27.5013504613563
            ],
            [
              -58.8473923462484,
              -27.5007207859503
            ],
            [
              -58.8477836222782,
              -27.5004634962368
            ],
            [
              -58.8477792663829,
              -27.5003812701987
            ],
            [
              -58.8481234250472,
              -27.5000339892073
            ],
            [
              -58.8496612236562,
              -27.4987827877846
            ],
            [
              -58.8509085631552,
              -27.4979249443892
            ],
            [
              -58.8513555991293,
              -27.497615845997
            ],
            [
              -58.8526519533543,
              -27.4968748434076
            ],
            [
              -58.8538443749229,
              -27.4956690933387
            ],
            [
              -58.8538608686464,
              -27.4955618792543
            ],
            [
              -58.8537762319993,
              -27.4954398962678
            ],
            [
              -58.8539610404887,
              -27.4941838757936
            ],
            [
              -58.8538307306227,
              -27.4936338244481
            ],
            [
              -58.8539767914071,
              -27.4933541548876
            ],
            [
              -58.8541142398251,
              -27.4932148505042
            ],
            [
              -58.8541346160297,
              -27.4931158869838
            ],
            [
              -58.854080632977,
              -27.4930039193514
            ],
            [
              -58.853945498346,
              -27.4929198214223
            ],
            [
              -58.8540056011021,
              -27.4926458273021
            ],
            [
              -58.8544067029147,
              -27.491794391441
            ],
            [
              -58.8544818755126,
              -27.4915837094498
            ],
            [
              -58.854468881884,
              -27.4914559331124
            ],
            [
              -58.8543203941427,
              -27.491252665579
            ],
            [
              -58.8542978232692,
              -27.4911109963932
            ],
            [
              -58.8514623039035,
              -27.4915102821906
            ],
            [
              -58.850681763509,
              -27.4916496868954
            ]
          ]
        ]
      }
    },
    {
      "type": "Feature",
      "properties": {
        "id": 104,
        "nombre": "VILLA RAQUEL",
        "tipo": "BARRIOS POR ORDENANZA",
        "ordenanza": "578/72",
        "superficie_ha": "610.035.032.466.258"
      },
      "geometry": {
        "type": "Polygon",
        "coordinates": [
          [
            [
              -58.8087310804704,
              -27.4929841555757
            ],
            [
              -58.8088136276047,
              -27.4930683252302
            ],
            [
              -58.8123299690971,
              -27.4927491025674
            ],
            [
              -58.8125584037615,
              -27.4938385403242
            ],
            [
              -58.8161517793524,
              -27.4934011347985
            ],
            [
              -58.8171765318569,
              -27.492250726799
            ],
            [
              -58.8168403907591,
              -27.4902157032029
            ],
            [
              -58.8163537374005,
              -27.4875553533839
            ],
            [
              -58.8162392655822,
              -27.4868460986794
            ],
            [
              -58.8134313280373,
              -27.4870591055573
            ],
            [
              -58.8112774519445,
              -27.4872002825771
            ],
            [
              -58.8110569977198,
              -27.4871560927208
            ],
            [
              -58.810180291973,
              -27.487008383871
            ],
            [
              -58.8082797763559,
              -27.4866548783442
            ],
            [
              -58.8074884471395,
              -27.4865090924755
            ],
            [
              -58.8083557723213,
              -27.4909132455996
            ],
            [
              -58.8085135724467,
              -27.4917093560888
            ],
            [
              -58.8073978711749,
              -27.4918865242271
            ],
            [
              -58.8076661796204,
              -27.4931925578498
            ],
            [
              -58.8087310804704,
              -27.4929841555757
            ]
          ]
        ]
      }
    },
    {
      "type": "Feature",
      "properties": {
        "id": 105,
        "nombre": "VIRGEN DE LOS DOLORES",
        "tipo": "BARRIOS POR ORDENANZA",
        "ordenanza": "2665/94",
        "superficie_ha": "118.394.301.690.838"
      },
      "geometry": {
        "type": "Polygon",
        "coordinates": [
          [
            [
              -58.8514623039035,
              -27.4915102821906
            ],
            [
              -58.8542978232692,
              -27.4911109963932
            ],
            [
              -58.8545321350108,
              -27.4909089831059
            ],
            [
              -58.8548269312612,
              -27.4906548210806
            ],
            [
              -58.854786428468,
              -27.4905137931259
            ],
            [
              -58.8548818523404,
              -27.49028477341
            ],
            [
              -58.8556444008464,
              -27.4892250060358
            ],
            [
              -58.8557105985704,
              -27.4890531965818
            ],
            [
              -58.8558272271858,
              -27.4888498843395
            ],
            [
              -58.855929342839,
              -27.4886656031009
            ],
            [
              -58.8560528640427,
              -27.4884878811956
            ],
            [
              -58.8562365818244,
              -27.4881522554595
            ],
            [
              -58.8564199554043,
              -27.4877381318269
            ],
            [
              -58.8553079726967,
              -27.4880073836016
            ],
            [
              -58.8540708221987,
              -27.488367087765
            ],
            [
              -58.852637823364,
              -27.4887904400628
            ],
            [
              -58.8521347271641,
              -27.4886823369421
            ],
            [
              -58.8516857940131,
              -27.4885795140293
            ],
            [
              -58.8514623039035,
              -27.4915102821906
            ]
          ]
        ]
      }
    },
    {
      "type": "Feature",
      "properties": {
        "id": 107,
        "nombre": "YECOHA",
        "tipo": "BARRIOS POR ORDENANZA",
        "ordenanza": "1958/89",
        "superficie_ha": "536.840.776.245.024"
      },
      "geometry": {
        "type": "Polygon",
        "coordinates": [
          [
            [
              -58.7237026826284,
              -27.4289419692627
            ],
            [
              -58.7146604170291,
              -27.4263091584811
            ],
            [
              -58.7105061223238,
              -27.4250962004319
            ],
            [
              -58.7081643939633,
              -27.4317846961567
            ],
            [
              -58.7237026826284,
              -27.4289419692627
            ]
          ]
        ]
      }
    },
    {
      "type": "Feature",
      "properties": {
        "id": 56,
        "nombre": "MOLINA PUNTA",
        "tipo": "BARRIOS POR ORDENANZA",
        "ordenanza": "1967/89",
        "superficie_ha": "541.179.075.671.406"
      },
      "geometry": {
        "type": "Polygon",
        "coordinates": [
          [
            [
              -58.7700021728103,
              -27.4588560176585
            ],
            [
              -58.7705555214455,
              -27.4534465094765
            ],
            [
              -58.7700953962116,
              -27.453404673862
            ],
            [
              -58.7698844479616,
              -27.4533867379706
            ],
            [
              -58.76987621408,
              -27.4533951378827
            ],
            [
              -58.7698329660348,
              -27.4534410527976
            ],
            [
              -58.7676266058655,
              -27.4561473131646
            ],
            [
              -58.7654879224697,
              -27.4584059942298
            ],
            [
              -58.7652677031707,
              -27.4586815818989
            ],
            [
              -58.765009499683,
              -27.4589442640008
            ],
            [
              -58.7652554657073,
              -27.4591365828228
            ],
            [
              -58.7656714279746,
              -27.4594331804451
            ],
            [
              -58.7659261655247,
              -27.4595125616016
            ],
            [
              -58.7668523597671,
              -27.459614000844
            ],
            [
              -58.7676609487345,
              -27.4596925723505
            ],
            [
              -58.7689493043808,
              -27.4598229903784
            ],
            [
              -58.7698907927515,
              -27.4599092070334
            ],
            [
              -58.7699597179101,
              -27.4592574662499
            ],
            [
              -58.7700021728103,
              -27.4588560176585
            ]
          ]
        ]
      }
    },
    {
      "type": "Feature",
      "properties": {
        "id": 108,
        "nombre": "BEJARANO",
        "tipo": "BARRIOS POR ORDENANZA",
        "ordenanza": "5879/13",
        "superficie_ha": "996.990.982.089.876"
      },
      "geometry": {
        "type": "Polygon",
        "coordinates": [
          [
            [
              -58.7475522662526,
              -27.4579607081743
            ],
            [
              -58.7493337279589,
              -27.4575606176958
            ],
            [
              -58.7500304902604,
              -27.4568337452036
            ],
            [
              -58.7507602746444,
              -27.463660775842
            ],
            [
              -58.750949213933,
              -27.4648689827623
            ],
            [
              -58.7571892391578,
              -27.4532326979692
            ],
            [
              -58.7560752993909,
              -27.4523940473665
            ],
            [
              -58.7552591061182,
              -27.4517958783769
            ],
            [
              -58.7536883167918,
              -27.450597690283
            ],
            [
              -58.7510481214161,
              -27.4485996771972
            ],
            [
              -58.7507336388918,
              -27.4483664748056
            ],
            [
              -58.7503255177462,
              -27.448676577731
            ],
            [
              -58.7499308744581,
              -27.4487185746084
            ],
            [
              -58.7496385698402,
              -27.4487732484506
            ],
            [
              -58.7492164228685,
              -27.4488327243594
            ],
            [
              -58.7487985450721,
              -27.4488695571889
            ],
            [
              -58.7483241255529,
              -27.4489369166958
            ],
            [
              -58.7479193294908,
              -27.4490001256116
            ],
            [
              -58.7475107755437,
              -27.4490406194255
            ],
            [
              -58.746634179224,
              -27.449175977971
            ],
            [
              -58.746151784048,
              -27.4492384834856
            ],
            [
              -58.7475522662526,
              -27.4579607081743
            ]
          ]
        ]
      }
    },
    {
      "type": "Feature",
      "properties": {
        "id": 38,
        "nombre": "GUEMES TRADICIONAL",
        "tipo": "BARRIOS POR ORDENANZA",
        "ordenanza": "3024/97",
        "superficie_ha": "197.310.181.480.914"
      },
      "geometry": {
        "type": "Polygon",
        "coordinates": [
          [
            [
              -58.7994273583071,
              -27.4875675638672
            ],
            [
              -58.8022479190509,
              -27.487192975157
            ],
            [
              -58.8020554190014,
              -27.4860996386858
            ],
            [
              -58.8018697360167,
              -27.4850177881877
            ],
            [
              -58.8016986847248,
              -27.4840211699348
            ],
            [
              -58.8015004134309,
              -27.4830084762744
            ],
            [
              -58.8014172891572,
              -27.4825877085452
            ],
            [
              -58.8014801662155,
              -27.4825726107103
            ],
            [
              -58.8012884475846,
              -27.481470418227
            ],
            [
              -58.8013538713845,
              -27.4814439987889
            ],
            [
              -58.8012685770767,
              -27.4809586270349
            ],
            [
              -58.8012550135105,
              -27.4808664664118
            ],
            [
              -58.8012421086988,
              -27.4807886812673
            ],
            [
              -58.8002269539721,
              -27.4810741777362
            ],
            [
              -58.8001675880988,
              -27.4810917189174
            ],
            [
              -58.7983945827171,
              -27.4816155847613
            ],
            [
              -58.7994273583071,
              -27.4875675638672
            ]
          ]
        ]
      }
    },
    {
      "type": "Feature",
      "properties": {
        "id": 153,
        "nombre": "ASENTAMIENTO PIRAYUI SUR",
        "tipo": "ASENTAMIENTOS INFORMALES",
        "ordenanza": "S/D",
        "superficie_ha": ""
      },
      "geometry": {
        "type": "Polygon",
        "coordinates": [
          [
            [
              -58.7849486615352,
              -27.5109307589174
            ],
            [
              -58.7848879126044,
              -27.5115308286709
            ],
            [
              -58.7848112539871,
              -27.5118241344748
            ],
            [
              -58.7847566310849,
              -27.5118851248501
            ],
            [
              -58.7835139510689,
              -27.5125306484779
            ],
            [
              -58.7846644486637,
              -27.5143430732343
            ],
            [
              -58.7837166550966,
              -27.5148477867026
            ],
            [
              -58.7846836613934,
              -27.5164785211347
            ],
            [
              -58.7802545224071,
              -27.5186560306118
            ],
            [
              -58.7807902561915,
              -27.5194376441107
            ],
            [
              -58.7823220838046,
              -27.5218027721821
            ],
            [
              -58.7864171329564,
              -27.5180330203574
            ],
            [
              -58.7867807913993,
              -27.5176727328248
            ],
            [
              -58.7869780814428,
              -27.5177225588496
            ],
            [
              -58.7871826561216,
              -27.5176548579583
            ],
            [
              -58.7875674751728,
              -27.5175513131927
            ],
            [
              -58.7879952509411,
              -27.5173572765643
            ],
            [
              -58.7883397918566,
              -27.5171720212273
            ],
            [
              -58.7887588277181,
              -27.5168645489381
            ],
            [
              -58.7887502561234,
              -27.5167726333595
            ],
            [
              -58.7886346845695,
              -27.5167026984405
            ],
            [
              -58.7885898910764,
              -27.5166741572789
            ],
            [
              -58.7884514191965,
              -27.5165502931456
            ],
            [
              -58.7884013957273,
              -27.5164845068346
            ],
            [
              -58.7884062584689,
              -27.5164523766309
            ],
            [
              -58.7884364560285,
              -27.5163722082832
            ],
            [
              -58.788518388379,
              -27.5163045553065
            ],
            [
              -58.7886096934732,
              -27.5162048113484
            ],
            [
              -58.7886241933387,
              -27.5161164630785
            ],
            [
              -58.7886173029347,
              -27.5160249123166
            ],
            [
              -58.7885066198421,
              -27.5158349343604
            ],
            [
              -58.7883195142546,
              -27.5155186164317
            ],
            [
              -58.7881402693842,
              -27.5152053829349
            ],
            [
              -58.7880854870671,
              -27.5149565735547
            ],
            [
              -58.7880112992036,
              -27.5142149525257
            ],
            [
              -58.7879853627129,
              -27.5141121764302
            ],
            [
              -58.7878943166115,
              -27.513982692704
            ],
            [
              -58.7876262329185,
              -27.5136475710696
            ],
            [
              -58.7869166052664,
              -27.5127546271193
            ],
            [
              -58.7862520576936,
              -27.5119676393472
            ],
            [
              -58.7857177248102,
              -27.5113376212588
            ],
            [
              -58.7854105562487,
              -27.51096897636
            ],
            [
              -58.7849486615352,
              -27.5109307589174
            ]
          ]
        ]
      }
    },
    {
      "type": "Feature",
      "properties": {
        "id": 42,
        "nombre": "IRUPE",
        "tipo": "BARRIOS POR ORDENANZA",
        "ordenanza": "3121/97",
        "superficie_ha": "155.902.593.988.828"
      },
      "geometry": {
        "type": "Polygon",
        "coordinates": [
          [
            [
              -58.8050885098257,
              -27.493913516444
            ],
            [
              -58.8056612162274,
              -27.4949489316992
            ],
            [
              -58.8072941719504,
              -27.4997449430008
            ],
            [
              -58.8092788883052,
              -27.4993622133371
            ],
            [
              -58.8085056218645,
              -27.4966744455138
            ],
            [
              -58.8084024743188,
              -27.4966874852585
            ],
            [
              -58.8077309869174,
              -27.4931798752475
            ],
            [
              -58.8076661796204,
              -27.4931925578498
            ],
            [
              -58.8058221624102,
              -27.4935533185046
            ],
            [
              -58.8050885098257,
              -27.493913516444
            ]
          ]
        ]
      }
    },
    {
      "type": "Feature",
      "properties": {
        "id": 132,
        "nombre": "CLUB DE CAMPO DOS LUNAS-ESTE",
        "tipo": "CLUB DE CAMPO",
        "ordenanza": "S/D",
        "superficie_ha": "470.135.319.375.405"
      },
      "geometry": {
        "type": "Polygon",
        "coordinates": [
          [
            [
              -58.713528260354,
              -27.478711487303
            ],
            [
              -58.7131619905279,
              -27.4786964417892
            ],
            [
              -58.7113103422911,
              -27.4786454909053
            ],
            [
              -58.7108086090651,
              -27.4786329728576
            ],
            [
              -58.7106566002151,
              -27.4786209449716
            ],
            [
              -58.7073287459465,
              -27.4785251812202
            ],
            [
              -58.7062558908041,
              -27.4784949587995
            ],
            [
              -58.7054048222654,
              -27.4784699351231
            ],
            [
              -58.7053766768296,
              -27.4793668826641
            ],
            [
              -58.7053573029549,
              -27.4799580043634
            ],
            [
              -58.7053410410316,
              -27.4804541749913
            ],
            [
              -58.7053109182795,
              -27.4807288545085
            ],
            [
              -58.7052930137743,
              -27.4808921324239
            ],
            [
              -58.7052346783288,
              -27.4814236023892
            ],
            [
              -58.7052333653151,
              -27.4820445206136
            ],
            [
              -58.7052315649165,
              -27.4826153810065
            ],
            [
              -58.7052882851057,
              -27.4826995648917
            ],
            [
              -58.7054691093034,
              -27.4829679424252
            ],
            [
              -58.705568546255,
              -27.4831163746003
            ],
            [
              -58.7072792713565,
              -27.4856553288704
            ],
            [
              -58.7081181190109,
              -27.4860139851122
            ],
            [
              -58.7099511375931,
              -27.4835900392056
            ],
            [
              -58.7123981766569,
              -27.4823255638787
            ],
            [
              -58.7125327268584,
              -27.4822560340804
            ],
            [
              -58.7130890027706,
              -27.4819685741667
            ],
            [
              -58.7132187741282,
              -27.4817850921128
            ],
            [
              -58.713528260354,
              -27.478711487303
            ]
          ]
        ]
      }
    },
    {
      "type": "Feature",
      "properties": {
        "id": 50,
        "nombre": "LAS ROSAS",
        "tipo": "BARRIOS POR ORDENANZA",
        "ordenanza": "3006/97",
        "superficie_ha": "814.162.060.184.714"
      },
      "geometry": {
        "type": "Polygon",
        "coordinates": [
          [
            [
              -58.8198188162187,
              -27.491216630755
            ],
            [
              -58.8185475371158,
              -27.4906602149359
            ],
            [
              -58.8172410994443,
              -27.4922918162159
            ],
            [
              -58.8171765318569,
              -27.492250726799
            ],
            [
              -58.8161517793524,
              -27.4934011347985
            ],
            [
              -58.8155554720516,
              -27.4941946372782
            ],
            [
              -58.8175213491005,
              -27.4948424384323
            ],
            [
              -58.81790563885,
              -27.494200646548
            ],
            [
              -58.8186879659065,
              -27.4929846330544
            ],
            [
              -58.8198188162187,
              -27.491216630755
            ]
          ]
        ]
      }
    },
    {
      "type": "Feature",
      "properties": {
        "id": 4,
        "nombre": "ALDANA",
        "tipo": "BARRIOS POR ORDENANZA",
        "ordenanza": "578/72",
        "superficie_ha": "585.819.879.493.183"
      },
      "geometry": {
        "type": "Polygon",
        "coordinates": [
          [
            [
              -58.8215270593188,
              -27.4574195507168
            ],
            [
              -58.8216088660712,
              -27.4596562715624
            ],
            [
              -58.8217577512382,
              -27.463140574636
            ],
            [
              -58.8218990420359,
              -27.4643171176447
            ],
            [
              -58.8251422598051,
              -27.4642160715335
            ],
            [
              -58.8292721564712,
              -27.4613646179319
            ],
            [
              -58.8293840723869,
              -27.4612834054878
            ],
            [
              -58.8294874033151,
              -27.4612456136775
            ],
            [
              -58.8300455051128,
              -27.4612358057521
            ],
            [
              -58.8310980781762,
              -27.4599956890456
            ],
            [
              -58.8313542225145,
              -27.4596943719831
            ],
            [
              -58.8313908422155,
              -27.4591101745232
            ],
            [
              -58.831035424607,
              -27.4587043012295
            ],
            [
              -58.8309789837086,
              -27.4586657491422
            ],
            [
              -58.8308002279815,
              -27.4585415962873
            ],
            [
              -58.8305325316835,
              -27.4584359459387
            ],
            [
              -58.8300804170918,
              -27.4582570135439
            ],
            [
              -58.8299107260023,
              -27.4582918390441
            ],
            [
              -58.8295612456189,
              -27.4582426478
            ],
            [
              -58.8293679177651,
              -27.4581369498765
            ],
            [
              -58.8293169255516,
              -27.4580555755251
            ],
            [
              -58.8293237483049,
              -27.4579575438809
            ],
            [
              -58.8292955139919,
              -27.4579463693706
            ],
            [
              -58.8291450763134,
              -27.4578728057797
            ],
            [
              -58.8288458184903,
              -27.4578234165881
            ],
            [
              -58.8286704253166,
              -27.4578998120569
            ],
            [
              -58.8282030685925,
              -27.4579652627886
            ],
            [
              -58.828034810213,
              -27.4579407196939
            ],
            [
              -58.8278927199913,
              -27.4578932692749
            ],
            [
              -58.8277761865091,
              -27.4578807248383
            ],
            [
              -58.8277706836732,
              -27.4578025239658
            ],
            [
              -58.8277464098216,
              -27.4577288889411
            ],
            [
              -58.8276679500324,
              -27.4577026874236
            ],
            [
              -58.8274665724112,
              -27.4577393545252
            ],
            [
              -58.8273160956735,
              -27.4578082750659
            ],
            [
              -58.8270585353135,
              -27.4577965282901
            ],
            [
              -58.8263912385526,
              -27.4576840427187
            ],
            [
              -58.8260699588525,
              -27.4575327881777
            ],
            [
              -58.8257057847552,
              -27.4574499022034
            ],
            [
              -58.8253709390494,
              -27.4573285313898
            ],
            [
              -58.825297420608,
              -27.4572377407137
            ],
            [
              -58.8246883194541,
              -27.4571371967113
            ],
            [
              -58.8243250910319,
              -27.4569381060564
            ],
            [
              -58.8238729065535,
              -27.4567955243669
            ],
            [
              -58.8230225975934,
              -27.4563026675186
            ],
            [
              -58.8224164761818,
              -27.456008452643
            ],
            [
              -58.8221843586019,
              -27.4559394505421
            ],
            [
              -58.8218138173921,
              -27.4559269580812
            ],
            [
              -58.8216264595796,
              -27.4557881143173
            ],
            [
              -58.8212941494486,
              -27.45579778055
            ],
            [
              -58.8213052083419,
              -27.4560192180876
            ],
            [
              -58.8214261181094,
              -27.4562269667777
            ],
            [
              -58.8214866447719,
              -27.4564711487891
            ],
            [
              -58.8215270593188,
              -27.4574195507168
            ]
          ]
        ]
      }
    },
    {
      "type": "Feature",
      "properties": {
        "id": 6,
        "nombre": "ANAHI",
        "tipo": "BARRIOS POR ORDENANZA",
        "ordenanza": "578/72",
        "superficie_ha": "102.603.897.187.912"
      },
      "geometry": {
        "type": "Polygon",
        "coordinates": [
          [
            [
              -58.79044542989,
              -27.4597342614923
            ],
            [
              -58.7905663425573,
              -27.4604398468412
            ],
            [
              -58.7919274496714,
              -27.4670820098153
            ],
            [
              -58.7919486817953,
              -27.467188611568
            ],
            [
              -58.7919496630967,
              -27.4671888587796
            ],
            [
              -58.7957386896856,
              -27.4681433398196
            ],
            [
              -58.7986488335757,
              -27.4688707392834
            ],
            [
              -58.7988197299307,
              -27.4689074375381
            ],
            [
              -58.7992456489322,
              -27.4690187657259
            ],
            [
              -58.7996527194868,
              -27.4691058459969
            ],
            [
              -58.8000384794214,
              -27.4656207232031
            ],
            [
              -58.800368848231,
              -27.4628300554682
            ],
            [
              -58.8005260883758,
              -27.4618609995135
            ],
            [
              -58.8007555068404,
              -27.459369540648
            ],
            [
              -58.7940514691178,
              -27.4565572493261
            ],
            [
              -58.7933958526114,
              -27.4575052295045
            ],
            [
              -58.7921636684656,
              -27.4581058666166
            ],
            [
              -58.7910492057666,
              -27.4592415235386
            ],
            [
              -58.79044542989,
              -27.4597342614923
            ]
          ]
        ]
      }
    },
    {
      "type": "Feature",
      "properties": {
        "id": 8,
        "nombre": "APIPE",
        "tipo": "BARRIOS POR ORDENANZA",
        "ordenanza": "1967/89",
        "superficie_ha": "513.250.443.345.452"
      },
      "geometry": {
        "type": "Polygon",
        "coordinates": [
          [
            [
              -58.7877870746851,
              -27.4608572056717
            ],
            [
              -58.7895991424602,
              -27.4605839278546
            ],
            [
              -58.7902414918736,
              -27.4604882397084
            ],
            [
              -58.7905663425573,
              -27.4604398468412
            ],
            [
              -58.79044542989,
              -27.4597342614923
            ],
            [
              -58.7910492057666,
              -27.4592415235386
            ],
            [
              -58.7921636684656,
              -27.4581058666166
            ],
            [
              -58.7933958526114,
              -27.4575052295045
            ],
            [
              -58.7940514691178,
              -27.4565572493261
            ],
            [
              -58.7930210482561,
              -27.4546648353671
            ],
            [
              -58.7924475888913,
              -27.4547476160138
            ],
            [
              -58.7926083036151,
              -27.4558849655399
            ],
            [
              -58.7919191176634,
              -27.455953014085
            ],
            [
              -58.7907330853044,
              -27.4561732480099
            ],
            [
              -58.7849112143446,
              -27.4570666953404
            ],
            [
              -58.7833172871817,
              -27.4573227847733
            ],
            [
              -58.7828481701239,
              -27.4574001058649
            ],
            [
              -58.7828111286521,
              -27.457496937677
            ],
            [
              -58.7825617030135,
              -27.4576202620509
            ],
            [
              -58.7818474929094,
              -27.457990189713
            ],
            [
              -58.7816764753579,
              -27.4584472563984
            ],
            [
              -58.7812875463608,
              -27.4594867040267
            ],
            [
              -58.7811757523593,
              -27.4597854794659
            ],
            [
              -58.7807613544547,
              -27.4609678394003
            ],
            [
              -58.780799579246,
              -27.4609702454531
            ],
            [
              -58.7809621104476,
              -27.460982800567
            ],
            [
              -58.7866237105298,
              -27.4615035798907
            ],
            [
              -58.7877870746851,
              -27.4608572056717
            ]
          ]
        ]
      }
    },
    {
      "type": "Feature",
      "properties": {
        "id": 14,
        "nombre": "BERON DE ASTRADA",
        "tipo": "BARRIOS POR ORDENANZA",
        "ordenanza": "578/72",
        "superficie_ha": "325.392.502.255.415"
      },
      "geometry": {
        "type": "Polygon",
        "coordinates": [
          [
            [
              -58.8318457381077,
              -27.4800615020327
            ],
            [
              -58.831616595755,
              -27.4782828015715
            ],
            [
              -58.8315276999561,
              -27.4776007836485
            ],
            [
              -58.8314309843957,
              -27.4764381946324
            ],
            [
              -58.8309693751741,
              -27.4764994494908
            ],
            [
              -58.8301750040232,
              -27.4776020287794
            ],
            [
              -58.8283944124356,
              -27.4798428363714
            ],
            [
              -58.8257795616559,
              -27.4831368897322
            ],
            [
              -58.8264391457128,
              -27.483348212231
            ],
            [
              -58.8310988216389,
              -27.4848180505083
            ],
            [
              -58.8324945450975,
              -27.4852599498852
            ],
            [
              -58.8318457381077,
              -27.4800615020327
            ]
          ]
        ]
      }
    },
    {
      "type": "Feature",
      "properties": {
        "id": 15,
        "nombre": "CACIQUE CANINDEYU",
        "tipo": "BARRIOS POR ORDENANZA",
        "ordenanza": "578/72",
        "superficie_ha": "359.871.156.488.264"
      },
      "geometry": {
        "type": "Polygon",
        "coordinates": [
          [
            [
              -58.8260659879033,
              -27.4922788064695
            ],
            [
              -58.826252044319,
              -27.4922402410736
            ],
            [
              -58.8278692729678,
              -27.4920500578245
            ],
            [
              -58.8278694246119,
              -27.4920500359391
            ],
            [
              -58.8296950269772,
              -27.4917865506381
            ],
            [
              -58.8311918822937,
              -27.4907165336408
            ],
            [
              -58.8330267021792,
              -27.4904907067918
            ],
            [
              -58.8328475527733,
              -27.4894432215484
            ],
            [
              -58.8309371836837,
              -27.4897121462788
            ],
            [
              -58.8308502907152,
              -27.4884091922438
            ],
            [
              -58.830849659039,
              -27.4882775171005
            ],
            [
              -58.8308476340554,
              -27.4878554085501
            ],
            [
              -58.8269808406884,
              -27.4883336462217
            ],
            [
              -58.8255704858095,
              -27.4884456526651
            ],
            [
              -58.8256826609376,
              -27.489176675519
            ],
            [
              -58.8252316928643,
              -27.4892235394696
            ],
            [
              -58.8250921308152,
              -27.4892380422506
            ],
            [
              -58.8249138209643,
              -27.4892432060351
            ],
            [
              -58.8242986153183,
              -27.4892629107254
            ],
            [
              -58.8228161405977,
              -27.4893604878608
            ],
            [
              -58.8220042344583,
              -27.4894486184272
            ],
            [
              -58.8225101081327,
              -27.4923077335681
            ],
            [
              -58.8230038729034,
              -27.4925270710807
            ],
            [
              -58.8235220365195,
              -27.492651145421
            ],
            [
              -58.8253052049741,
              -27.4924028246526
            ],
            [
              -58.8260659879033,
              -27.4922788064695
            ]
          ]
        ]
      }
    },
    {
      "type": "Feature",
      "properties": {
        "id": 51,
        "nombre": "LIBERTAD",
        "tipo": "BARRIOS POR ORDENANZA",
        "ordenanza": "578/72",
        "superficie_ha": "113.100.726.126.114"
      },
      "geometry": {
        "type": "Polygon",
        "coordinates": [
          [
            [
              -58.8290890357004,
              -27.4670495174811
            ],
            [
              -58.8225810397051,
              -27.4675387178826
            ],
            [
              -58.8212599473927,
              -27.46757990792
            ],
            [
              -58.819745308493,
              -27.4688893990608
            ],
            [
              -58.8188675835361,
              -27.4696551605253
            ],
            [
              -58.818709346241,
              -27.4697601336904
            ],
            [
              -58.8185204369376,
              -27.4699469993441
            ],
            [
              -58.8184522997314,
              -27.4700886042798
            ],
            [
              -58.8184606034339,
              -27.4704537787108
            ],
            [
              -58.8187060439714,
              -27.4715701820979
            ],
            [
              -58.8193331590807,
              -27.4749528634111
            ],
            [
              -58.819837945254,
              -27.4779061963481
            ],
            [
              -58.8203796496556,
              -27.4778280628687
            ],
            [
              -58.8301664631927,
              -27.4766013402606
            ],
            [
              -58.8299531427384,
              -27.475022484374
            ],
            [
              -58.8293395611427,
              -27.469370972414
            ],
            [
              -58.8292074095201,
              -27.4682942356639
            ],
            [
              -58.8290890357004,
              -27.4670495174811
            ]
          ]
        ]
      }
    },
    {
      "type": "Feature",
      "properties": {
        "id": 53,
        "nombre": "LOMAS DEL MIRADOR",
        "tipo": "BARRIOS POR ORDENANZA",
        "ordenanza": "1967/89",
        "superficie_ha": "390.087.084.865.103"
      },
      "geometry": {
        "type": "Polygon",
        "coordinates": [
          [
            [
              -58.7930210482561,
              -27.4546648353671
            ],
            [
              -58.7893777418433,
              -27.4491272805817
            ],
            [
              -58.7890681656965,
              -27.4495115625008
            ],
            [
              -58.7862334315954,
              -27.4533733180931
            ],
            [
              -58.7851932762093,
              -27.4548877637262
            ],
            [
              -58.7848129504632,
              -27.4553487631266
            ],
            [
              -58.7847015402913,
              -27.4554804497714
            ],
            [
              -58.7847206326735,
              -27.4556610834759
            ],
            [
              -58.7847720329825,
              -27.4559902260024
            ],
            [
              -58.7849112143446,
              -27.4570666953404
            ],
            [
              -58.7907330853044,
              -27.4561732480099
            ],
            [
              -58.7919191176634,
              -27.455953014085
            ],
            [
              -58.7926083036151,
              -27.4558849655399
            ],
            [
              -58.7924475888913,
              -27.4547476160138
            ],
            [
              -58.7930210482561,
              -27.4546648353671
            ]
          ]
        ]
      }
    },
    {
      "type": "Feature",
      "properties": {
        "id": 10,
        "nombre": "AYUDA MUTUA",
        "tipo": "BARRIOS POR ORDENANZA",
        "ordenanza": "2665/94",
        "superficie_ha": "122.186.788.782.201"
      },
      "geometry": {
        "type": "Polygon",
        "coordinates": [
          [
            [
              -58.8190609754413,
              -27.4826142902265
            ],
            [
              -58.8184330328328,
              -27.48269648726
            ],
            [
              -58.8155634021605,
              -27.4830317419813
            ],
            [
              -58.815915622066,
              -27.4850763119547
            ],
            [
              -58.8192594336134,
              -27.4848084439368
            ],
            [
              -58.8190609754413,
              -27.4826142902265
            ]
          ]
        ]
      }
    },
    {
      "type": "Feature",
      "properties": {
        "id": 13,
        "nombre": "BELGRANO",
        "tipo": "BARRIOS POR ORDENANZA",
        "ordenanza": "578/72",
        "superficie_ha": "461.975.021.170.213"
      },
      "geometry": {
        "type": "Polygon",
        "coordinates": [
          [
            [
              -58.8141080516677,
              -27.4708546596438
            ],
            [
              -58.8135849814009,
              -27.4709859551844
            ],
            [
              -58.8129836629601,
              -27.4711316141266
            ],
            [
              -58.8127280968141,
              -27.4712093918968
            ],
            [
              -58.8147404900519,
              -27.4785216844082
            ],
            [
              -58.819837945254,
              -27.4779061963481
            ],
            [
              -58.8193331590807,
              -27.4749528634111
            ],
            [
              -58.8187060439714,
              -27.4715701820979
            ],
            [
              -58.8184606034339,
              -27.4704537787108
            ],
            [
              -58.8141080516677,
              -27.4708546596438
            ]
          ]
        ]
      }
    },
    {
      "type": "Feature",
      "properties": {
        "id": 24,
        "nombre": "CONCEPCION",
        "tipo": "BARRIOS POR ORDENANZA",
        "ordenanza": "578/72",
        "superficie_ha": "702.760.438.379.317"
      },
      "geometry": {
        "type": "Polygon",
        "coordinates": [
          [
            [
              -58.8158599735119,
              -27.4972024209318
            ],
            [
              -58.8149350897147,
              -27.4984995571968
            ],
            [
              -58.8146579785989,
              -27.4988973461961
            ],
            [
              -58.8122092449224,
              -27.498988062593
            ],
            [
              -58.8117817484012,
              -27.4988999588273
            ],
            [
              -58.8116513486232,
              -27.4990737847663
            ],
            [
              -58.8099207289948,
              -27.5012688610498
            ],
            [
              -58.809297325832,
              -27.50209700309
            ],
            [
              -58.8088243829982,
              -27.5025898730619
            ],
            [
              -58.8080535859702,
              -27.503387590361
            ],
            [
              -58.8070769242712,
              -27.504349428656
            ],
            [
              -58.8073274307509,
              -27.5045405914041
            ],
            [
              -58.8076611489291,
              -27.5045537682161
            ],
            [
              -58.8082690349215,
              -27.504534706206
            ],
            [
              -58.8082499508685,
              -27.5040651467184
            ],
            [
              -58.8090355155311,
              -27.503401026776
            ],
            [
              -58.8091551653481,
              -27.5035777914144
            ],
            [
              -58.8092231604546,
              -27.5036463807753
            ],
            [
              -58.8094029292255,
              -27.5036253593622
            ],
            [
              -58.809835791438,
              -27.5035589083911
            ],
            [
              -58.8123325050626,
              -27.5032314323991
            ],
            [
              -58.8121075706396,
              -27.5037328642319
            ],
            [
              -58.8143553055213,
              -27.5040707052846
            ],
            [
              -58.8169526148675,
              -27.5044719650515
            ],
            [
              -58.8167082143782,
              -27.5038352537808
            ],
            [
              -58.8222656797731,
              -27.5037991976393
            ],
            [
              -58.8222124318636,
              -27.502698963583
            ],
            [
              -58.8220952042726,
              -27.5021649170805
            ],
            [
              -58.8218200327972,
              -27.501167923154
            ],
            [
              -58.8214933567828,
              -27.4996366534847
            ],
            [
              -58.8200366049722,
              -27.4989991973936
            ],
            [
              -58.8172470086216,
              -27.4978114265537
            ],
            [
              -58.8158599735119,
              -27.4972024209318
            ]
          ]
        ]
      }
    },
    {
      "type": "Feature",
      "properties": {
        "id": 56,
        "nombre": "MOLINA PUNTA",
        "tipo": "BARRIOS POR ORDENANZA",
        "ordenanza": "1967/89",
        "superficie_ha": "541.179.075.671.406"
      },
      "geometry": {
        "type": "Polygon",
        "coordinates": [
          [
            [
              -58.7848129504632,
              -27.4553487631266
            ],
            [
              -58.783728869581,
              -27.4550643676065
            ],
            [
              -58.7837229419896,
              -27.4550625518507
            ],
            [
              -58.782608496195,
              -27.4547136549687
            ],
            [
              -58.781819405878,
              -27.4544589927274
            ],
            [
              -58.7800249662223,
              -27.4539199697478
            ],
            [
              -58.7804268316647,
              -27.4528450135029
            ],
            [
              -58.7793952476504,
              -27.4525377196248
            ],
            [
              -58.7793860192375,
              -27.4525348117394
            ],
            [
              -58.7785529400994,
              -27.4522863697594
            ],
            [
              -58.7783577950029,
              -27.4528576533734
            ],
            [
              -58.7771261409704,
              -27.4524802715218
            ],
            [
              -58.7771137184221,
              -27.452476467042
            ],
            [
              -58.7760821657097,
              -27.4521605431205
            ],
            [
              -58.7750625138491,
              -27.4518479577728
            ],
            [
              -58.771963484794,
              -27.4509324838378
            ],
            [
              -58.7717828157224,
              -27.4508819427462
            ],
            [
              -58.7709599347081,
              -27.4523260263673
            ],
            [
              -58.7730534283953,
              -27.452942006848
            ],
            [
              -58.7730561690841,
              -27.4529428269102
            ],
            [
              -58.7743833752444,
              -27.4533399452275
            ],
            [
              -58.7755142533805,
              -27.453668972362
            ],
            [
              -58.7768609420032,
              -27.4545054878236
            ],
            [
              -58.7813149524874,
              -27.4558322126966
            ],
            [
              -58.7814055911315,
              -27.4558595750618
            ],
            [
              -58.7821181977867,
              -27.4560794481224
            ],
            [
              -58.7814445886738,
              -27.4578682444597
            ],
            [
              -58.7818474929094,
              -27.457990189713
            ],
            [
              -58.7825617030135,
              -27.4576202620509
            ],
            [
              -58.7828111286521,
              -27.457496937677
            ],
            [
              -58.7828481701239,
              -27.4574001058649
            ],
            [
              -58.7833172871817,
              -27.4573227847733
            ],
            [
              -58.7849112143446,
              -27.4570666953404
            ],
            [
              -58.7847720329825,
              -27.4559902260024
            ],
            [
              -58.7847206326735,
              -27.4556610834759
            ],
            [
              -58.7847015402913,
              -27.4554804497714
            ],
            [
              -58.7848129504632,
              -27.4553487631266
            ]
          ]
        ]
      }
    },
    {
      "type": "Feature",
      "properties": {
        "id": 18,
        "nombre": "CICHERO",
        "tipo": "BARRIOS POR ORDENANZA",
        "ordenanza": "3334/98",
        "superficie_ha": "774.517.477.759.164"
      },
      "geometry": {
        "type": "Polygon",
        "coordinates": [
          [
            [
              -58.8214866447719,
              -27.4564711487891
            ],
            [
              -58.8214261181094,
              -27.4562269667777
            ],
            [
              -58.8213052083419,
              -27.4560192180876
            ],
            [
              -58.8210906167135,
              -27.4560365286466
            ],
            [
              -58.821046213383,
              -27.4561796033315
            ],
            [
              -58.8209714825618,
              -27.4561502806439
            ],
            [
              -58.8209402397875,
              -27.4560639458517
            ],
            [
              -58.8208557052167,
              -27.4559484697959
            ],
            [
              -58.8208133362649,
              -27.4559002942574
            ],
            [
              -58.820759739277,
              -27.4558998404866
            ],
            [
              -58.8207174721253,
              -27.4558421024135
            ],
            [
              -58.8206759172158,
              -27.4557174267797
            ],
            [
              -58.8206405424868,
              -27.4556812392493
            ],
            [
              -58.8204311292506,
              -27.4556816701565
            ],
            [
              -58.8204074239153,
              -27.4557629699994
            ],
            [
              -58.8203417845863,
              -27.4558867378613
            ],
            [
              -58.8202338781726,
              -27.4559527674732
            ],
            [
              -58.8199657913699,
              -27.4559600597985
            ],
            [
              -58.8198898392659,
              -27.456045486591
            ],
            [
              -58.8198250137306,
              -27.4560927541525
            ],
            [
              -58.819749265075,
              -27.4561590558539
            ],
            [
              -58.819588066448,
              -27.4561959432502
            ],
            [
              -58.8194272751303,
              -27.4561945804482
            ],
            [
              -58.8191588821239,
              -27.4562305587037
            ],
            [
              -58.8189763462618,
              -27.4562577011188
            ],
            [
              -58.8187938103195,
              -27.4562848432917
            ],
            [
              -58.8186563955856,
              -27.4562822509171
            ],
            [
              -58.8188216888561,
              -27.4576237935735
            ],
            [
              -58.8201133185301,
              -27.4575172952496
            ],
            [
              -58.8203864227865,
              -27.4597749244373
            ],
            [
              -58.8216088660712,
              -27.4596562715624
            ],
            [
              -58.8215270593188,
              -27.4574195507168
            ],
            [
              -58.8214866447719,
              -27.4564711487891
            ]
          ]
        ]
      }
    },
    {
      "type": "Feature",
      "properties": {
        "id": 19,
        "nombre": "CIUDAD DE AREQUIPA",
        "tipo": "BARRIOS POR ORDENANZA",
        "ordenanza": "1767/88",
        "superficie_ha": "10.696.812.451.387"
      },
      "geometry": {
        "type": "Polygon",
        "coordinates": [
          [
            [
              -58.834046388521,
              -27.4875421691591
            ],
            [
              -58.8339590929801,
              -27.4870796876991
            ],
            [
              -58.8340117902657,
              -27.4869665048156
            ],
            [
              -58.8328027890772,
              -27.4865754193011
            ],
            [
              -58.8312068788884,
              -27.4860555403378
            ],
            [
              -58.8308897931953,
              -27.4866824964464
            ],
            [
              -58.8308423760814,
              -27.4868767996544
            ],
            [
              -58.8308476340554,
              -27.4878554085501
            ],
            [
              -58.830849659039,
              -27.4882775171005
            ],
            [
              -58.8308502907152,
              -27.4884091922438
            ],
            [
              -58.8309371836837,
              -27.4897121462788
            ],
            [
              -58.8328475527733,
              -27.4894432215484
            ],
            [
              -58.8342806983219,
              -27.4892292124079
            ],
            [
              -58.834102545192,
              -27.4878830684102
            ],
            [
              -58.834046388521,
              -27.4875421691591
            ]
          ]
        ]
      }
    },
    {
      "type": "Feature",
      "properties": {
        "id": 21,
        "nombre": "CIUDADES CORRENTINAS",
        "tipo": "BARRIOS POR ORDENANZA",
        "ordenanza": "578/72",
        "superficie_ha": "867.784.889.293.648"
      },
      "geometry": {
        "type": "Polygon",
        "coordinates": [
          [
            [
              -58.7753779043427,
              -27.5006209890863
            ],
            [
              -58.7761545261437,
              -27.5008678351384
            ],
            [
              -58.7764944037061,
              -27.5009758621334
            ],
            [
              -58.7769687340233,
              -27.501130135418
            ],
            [
              -58.7772870396939,
              -27.5012336614219
            ],
            [
              -58.7785874564922,
              -27.5016617872535
            ],
            [
              -58.7796166697011,
              -27.5019985178431
            ],
            [
              -58.7795892060305,
              -27.5021026550402
            ],
            [
              -58.7798086207632,
              -27.5021736255804
            ],
            [
              -58.7799489291912,
              -27.5021770137768
            ],
            [
              -58.7805315970921,
              -27.5021119974384
            ],
            [
              -58.7813372736167,
              -27.5019953860442
            ],
            [
              -58.7843186328328,
              -27.5015506971061
            ],
            [
              -58.7853354066727,
              -27.5013966723551
            ],
            [
              -58.7869479570253,
              -27.5011349647316
            ],
            [
              -58.7874193857916,
              -27.5010712101754
            ],
            [
              -58.7875262502269,
              -27.5016886885855
            ],
            [
              -58.7883322582363,
              -27.5015919630594
            ],
            [
              -58.7884818537517,
              -27.5015784294894
            ],
            [
              -58.7894283793036,
              -27.5014927956296
            ],
            [
              -58.7902553322316,
              -27.5013537820596
            ],
            [
              -58.7909935734689,
              -27.500656422514
            ],
            [
              -58.7909314946178,
              -27.5005593650854
            ],
            [
              -58.7905708889523,
              -27.4985130802715
            ],
            [
              -58.7894714405918,
              -27.4986518604689
            ],
            [
              -58.7893870253341,
              -27.4986268519634
            ],
            [
              -58.7893692335618,
              -27.4985943317698
            ],
            [
              -58.7892606547442,
              -27.4980135071052
            ],
            [
              -58.7891300805729,
              -27.4975080101693
            ],
            [
              -58.7890169901614,
              -27.4967868959841
            ],
            [
              -58.7888748298756,
              -27.4960475342603
            ],
            [
              -58.7888117794203,
              -27.4953163512526
            ],
            [
              -58.784584078773,
              -27.495889366372
            ],
            [
              -58.7821617891021,
              -27.4961847284965
            ],
            [
              -58.7820352126455,
              -27.4955012976433
            ],
            [
              -58.7818549797677,
              -27.4955257441783
            ],
            [
              -58.7816454823634,
              -27.4955541598038
            ],
            [
              -58.7810042179952,
              -27.4956458506759
            ],
            [
              -58.7790883583594,
              -27.4959162855018
            ],
            [
              -58.7772476410762,
              -27.4961674236729
            ],
            [
              -58.7764675526103,
              -27.4980276147743
            ],
            [
              -58.7754602516552,
              -27.5004135977185
            ],
            [
              -58.7753779043427,
              -27.5006209890863
            ]
          ]
        ]
      }
    },
    {
      "type": "Feature",
      "properties": {
        "id": 22,
        "nombre": "CODEPRO",
        "tipo": "BARRIOS POR ORDENANZA",
        "ordenanza": "578/72",
        "superficie_ha": "482.693.402.379.438"
      },
      "geometry": {
        "type": "Polygon",
        "coordinates": [
          [
            [
              -58.834046388521,
              -27.4875421691591
            ],
            [
              -58.834102545192,
              -27.4878830684102
            ],
            [
              -58.8342806983219,
              -27.4892292124079
            ],
            [
              -58.8369001592854,
              -27.4888543818088
            ],
            [
              -58.836670959151,
              -27.4872576397562
            ],
            [
              -58.834046388521,
              -27.4875421691591
            ]
          ]
        ]
      }
    },
    {
      "type": "Feature",
      "properties": {
        "id": 23,
        "nombre": "COLLANTES",
        "tipo": "BARRIOS POR ORDENANZA",
        "ordenanza": "1967/88",
        "superficie_ha": "153.264.823.698.885"
      },
      "geometry": {
        "type": "Polygon",
        "coordinates": [
          [
            [
              -58.7814445886738,
              -27.4578682444597
            ],
            [
              -58.7802856145749,
              -27.4609378931559
            ],
            [
              -58.7807613544547,
              -27.4609678394003
            ],
            [
              -58.7811757523593,
              -27.4597854794659
            ],
            [
              -58.7812875463608,
              -27.4594867040267
            ],
            [
              -58.7816764753579,
              -27.4584472563984
            ],
            [
              -58.7818474929094,
              -27.457990189713
            ],
            [
              -58.7814445886738,
              -27.4578682444597
            ]
          ]
        ]
      }
    },
    {
      "type": "Feature",
      "properties": {
        "id": 31,
        "nombre": "EX AERO CLUB",
        "tipo": "BARRIOS POR ORDENANZA",
        "ordenanza": "578/72",
        "superficie_ha": "270.247.023.934.685"
      },
      "geometry": {
        "type": "Polygon",
        "coordinates": [
          [
            [
              -58.8308476340554,
              -27.4878554085501
            ],
            [
              -58.8308423760814,
              -27.4868767996544
            ],
            [
              -58.8308897931953,
              -27.4866824964464
            ],
            [
              -58.8312068788884,
              -27.4860555403378
            ],
            [
              -58.8311847753014,
              -27.4854636642453
            ],
            [
              -58.8310988216389,
              -27.4848180505083
            ],
            [
              -58.8264391457128,
              -27.483348212231
            ],
            [
              -58.8257795616559,
              -27.4831368897322
            ],
            [
              -58.8249886408479,
              -27.4840988563657
            ],
            [
              -58.8255704858095,
              -27.4884456526651
            ],
            [
              -58.8269808406884,
              -27.4883336462217
            ],
            [
              -58.8308476340554,
              -27.4878554085501
            ]
          ]
        ]
      }
    },
    {
      "type": "Feature",
      "properties": {
        "id": 54,
        "nombre": "LUZ Y FUERZA",
        "tipo": "BARRIOS POR ORDENANZA",
        "ordenanza": "578/72",
        "superficie_ha": "454.709.438.871.661"
      },
      "geometry": {
        "type": "Polygon",
        "coordinates": [
          [
            [
              -58.8364334987044,
              -27.4855845981244
            ],
            [
              -58.8352096046739,
              -27.4857121607891
            ],
            [
              -58.8344202829497,
              -27.4857587387268
            ],
            [
              -58.8344019526959,
              -27.485838962904
            ],
            [
              -58.8340117902657,
              -27.4869665048156
            ],
            [
              -58.8339590929801,
              -27.4870796876991
            ],
            [
              -58.834046388521,
              -27.4875421691591
            ],
            [
              -58.836670959151,
              -27.4872576397562
            ],
            [
              -58.8364334987044,
              -27.4855845981244
            ]
          ]
        ]
      }
    },
    {
      "type": "Feature",
      "properties": {
        "id": 55,
        "nombre": "MALVINAS ARGENTINAS",
        "tipo": "BARRIOS POR ORDENANZA",
        "ordenanza": "4615/08",
        "superficie_ha": "371.604.969.948.031"
      },
      "geometry": {
        "type": "Polygon",
        "coordinates": [
          [
            [
              -58.8271658464931,
              -27.497205171433
            ],
            [
              -58.828806712166,
              -27.4969502255634
            ],
            [
              -58.8283238584556,
              -27.4942187733304
            ],
            [
              -58.8278694246119,
              -27.4920500359391
            ],
            [
              -58.8278692729678,
              -27.4920500578245
            ],
            [
              -58.826252044319,
              -27.4922402410736
            ],
            [
              -58.8260659879033,
              -27.4922788064695
            ],
            [
              -58.8253052049741,
              -27.4924028246526
            ],
            [
              -58.8235220365195,
              -27.492651145421
            ],
            [
              -58.8230038729034,
              -27.4925270710807
            ],
            [
              -58.8225101081327,
              -27.4923077335681
            ],
            [
              -58.8225674192985,
              -27.4926826801885
            ],
            [
              -58.8236001998991,
              -27.497742444601
            ],
            [
              -58.8240442884264,
              -27.4998348012649
            ],
            [
              -58.8244735908129,
              -27.4995486040006
            ],
            [
              -58.8256474629272,
              -27.499344227262
            ],
            [
              -58.8274355637512,
              -27.499088920963
            ],
            [
              -58.8270970896653,
              -27.4972158539217
            ],
            [
              -58.8271658464931,
              -27.497205171433
            ]
          ]
        ]
      }
    },
    {
      "type": "Feature",
      "properties": {
        "id": 37,
        "nombre": "GUEMES INVICO",
        "tipo": "BARRIOS POR ORDENANZA",
        "ordenanza": "3024/97",
        "superficie_ha": "338.520.903.314.784"
      },
      "geometry": {
        "type": "Polygon",
        "coordinates": [
          [
            [
              -58.7960683144269,
              -27.4822848919719
            ],
            [
              -58.7960183279682,
              -27.4822975795455
            ],
            [
              -58.7943526608617,
              -27.4827888748132
            ],
            [
              -58.7939210065394,
              -27.4829102236606
            ],
            [
              -58.7940976806753,
              -27.4836129991746
            ],
            [
              -58.7942041250468,
              -27.4853781981111
            ],
            [
              -58.7942924330385,
              -27.4860506026235
            ],
            [
              -58.7942795899688,
              -27.4861322252646
            ],
            [
              -58.7942148347784,
              -27.4862240591111
            ],
            [
              -58.7941344131945,
              -27.4862908816544
            ],
            [
              -58.7940140709768,
              -27.4863644655345
            ],
            [
              -58.7931595689772,
              -27.4865276336486
            ],
            [
              -58.7923466298395,
              -27.4866646781885
            ],
            [
              -58.7924166502578,
              -27.4874142471773
            ],
            [
              -58.7925162768571,
              -27.4884807366288
            ],
            [
              -58.793828634388,
              -27.4882770466964
            ],
            [
              -58.7953230914556,
              -27.4880784578256
            ],
            [
              -58.7990745957362,
              -27.4876007831788
            ],
            [
              -58.7994273583071,
              -27.4875675638672
            ],
            [
              -58.7983945827171,
              -27.4816155847613
            ],
            [
              -58.7980364613443,
              -27.4817176809148
            ],
            [
              -58.796691852879,
              -27.4821054939485
            ],
            [
              -58.7960683144269,
              -27.4822848919719
            ]
          ]
        ]
      }
    },
    {
      "type": "Feature",
      "properties": {
        "id": 41,
        "nombre": "INDUSTRIAL",
        "tipo": "BARRIOS POR ORDENANZA",
        "ordenanza": "1967/89",
        "superficie_ha": "209.970.614.725.222"
      },
      "geometry": {
        "type": "Polygon",
        "coordinates": [
          [
            [
              -58.7895991424602,
              -27.4605839278546
            ],
            [
              -58.7877870746851,
              -27.4608572056717
            ],
            [
              -58.7866237105298,
              -27.4615035798907
            ],
            [
              -58.7899136723327,
              -27.4666130128083
            ],
            [
              -58.7899695080243,
              -27.4667072962399
            ],
            [
              -58.7901504617714,
              -27.4667436783042
            ],
            [
              -58.7919486817953,
              -27.467188611568
            ],
            [
              -58.7919274496714,
              -27.4670820098153
            ],
            [
              -58.7905663425573,
              -27.4604398468412
            ],
            [
              -58.7902414918736,
              -27.4604882397084
            ],
            [
              -58.7895991424602,
              -27.4605839278546
            ]
          ]
        ]
      }
    },
    {
      "type": "Feature",
      "properties": {
        "id": 47,
        "nombre": "LA CRUZ",
        "tipo": "BARRIOS POR ORDENANZA",
        "ordenanza": "578/72",
        "superficie_ha": "470.595.485.685.815"
      },
      "geometry": {
        "type": "Polygon",
        "coordinates": [
          [
            [
              -58.8377370335346,
              -27.4756379390802
            ],
            [
              -58.8435901722748,
              -27.4749072838748
            ],
            [
              -58.8432776263109,
              -27.4715175010402
            ],
            [
              -58.8432079137189,
              -27.4703254273372
            ],
            [
              -58.843027346544,
              -27.4681026867022
            ],
            [
              -58.841725833292,
              -27.4681761700045
            ],
            [
              -58.8368549990389,
              -27.4686425999003
            ],
            [
              -58.8375553168533,
              -27.475660842232
            ],
            [
              -58.8377370335346,
              -27.4756379390802
            ]
          ]
        ]
      }
    },
    {
      "type": "Feature",
      "properties": {
        "id": 99,
        "nombre": "VICTOR COLAS",
        "tipo": "BARRIOS POR ORDENANZA",
        "ordenanza": "578/72",
        "superficie_ha": "41.157.373.469.257"
      },
      "geometry": {
        "type": "Polygon",
        "coordinates": [
          [
            [
              -58.7899136723327,
              -27.4666130128083
            ],
            [
              -58.7866237105298,
              -27.4615035798907
            ],
            [
              -58.7809621104476,
              -27.460982800567
            ],
            [
              -58.780799579246,
              -27.4609702454531
            ],
            [
              -58.7791305763015,
              -27.4608651805205
            ],
            [
              -58.7789566374481,
              -27.4608541005879
            ],
            [
              -58.7788596481836,
              -27.4614743235403
            ],
            [
              -58.778681065126,
              -27.4622084904665
            ],
            [
              -58.7785126692406,
              -27.462949514495
            ],
            [
              -58.7782250613619,
              -27.4638025601703
            ],
            [
              -58.7828231149906,
              -27.4649470301557
            ],
            [
              -58.7839516563481,
              -27.4652178445562
            ],
            [
              -58.7864156000004,
              -27.4658211760977
            ],
            [
              -58.7870814320386,
              -27.4659934988294
            ],
            [
              -58.7898164455109,
              -27.4666772690614
            ],
            [
              -58.7899695080243,
              -27.4667072962399
            ],
            [
              -58.7899136723327,
              -27.4666130128083
            ]
          ]
        ]
      }
    },
    {
      "type": "Feature",
      "properties": {
        "id": 57,
        "nombre": "NIÑO JESUS",
        "tipo": "BARRIOS POR ORDENANZA",
        "ordenanza": "3706/02",
        "superficie_ha": "525.715.362.127.073"
      },
      "geometry": {
        "type": "Polygon",
        "coordinates": [
          [
            [
              -58.8046183534985,
              -27.4740334244786
            ],
            [
              -58.8044371292376,
              -27.473192580399
            ],
            [
              -58.802672202011,
              -27.4736788431236
            ],
            [
              -58.8013800733943,
              -27.4740872391769
            ],
            [
              -58.7998658411806,
              -27.4745316230041
            ],
            [
              -58.7982521381953,
              -27.4749836335018
            ],
            [
              -58.7972562009352,
              -27.4751797054016
            ],
            [
              -58.7975687012137,
              -27.4771594578767
            ],
            [
              -58.7983177145471,
              -27.4814093024664
            ],
            [
              -58.7983945827171,
              -27.4816155847613
            ],
            [
              -58.8001675880988,
              -27.4810917189174
            ],
            [
              -58.8002269539721,
              -27.4810741777362
            ],
            [
              -58.8012421086988,
              -27.4807886812673
            ],
            [
              -58.8038707877082,
              -27.4800300297997
            ],
            [
              -58.8045339282536,
              -27.4798404157131
            ],
            [
              -58.8052287609721,
              -27.4797030470008
            ],
            [
              -58.8054186958772,
              -27.4796788199455
            ],
            [
              -58.8048493519067,
              -27.4764390997011
            ],
            [
              -58.805007843157,
              -27.4764088926535
            ],
            [
              -58.8049316517015,
              -27.4758408812632
            ],
            [
              -58.8048840728246,
              -27.4754786108704
            ],
            [
              -58.8047895548574,
              -27.4751388081449
            ],
            [
              -58.8046353947093,
              -27.4742233048771
            ],
            [
              -58.8046183534985,
              -27.4740334244786
            ]
          ]
        ]
      }
    },
    {
      "type": "Feature",
      "properties": {
        "id": 61,
        "nombre": "CIUDAD DE VALENCIA",
        "tipo": "BARRIOS POR ORDENANZA",
        "ordenanza": "537/99",
        "superficie_ha": "711.200.153.201.694"
      },
      "geometry": {
        "type": "Polygon",
        "coordinates": [
          [
            [
              -58.7785529400994,
              -27.4522863697594
            ],
            [
              -58.7793860192375,
              -27.4525348117394
            ],
            [
              -58.7793952476504,
              -27.4525377196248
            ],
            [
              -58.7804268316647,
              -27.4528450135029
            ],
            [
              -58.7821883733587,
              -27.4481327610856
            ],
            [
              -58.783462918601,
              -27.4451267909107
            ],
            [
              -58.7795298683491,
              -27.4439814991056
            ],
            [
              -58.7796236824391,
              -27.4436386110292
            ],
            [
              -58.7778584980755,
              -27.4432281297271
            ],
            [
              -58.7717828157224,
              -27.4508819427462
            ],
            [
              -58.771963484794,
              -27.4509324838378
            ],
            [
              -58.7750625138491,
              -27.4518479577728
            ],
            [
              -58.7760821657097,
              -27.4521605431205
            ],
            [
              -58.7771137184221,
              -27.452476467042
            ],
            [
              -58.7771261409704,
              -27.4524802715218
            ],
            [
              -58.7783577950029,
              -27.4528576533734
            ],
            [
              -58.7785529400994,
              -27.4522863697594
            ]
          ]
        ]
      }
    },
    {
      "type": "Feature",
      "properties": {
        "id": 62,
        "nombre": "PALOMA DE LA PAZ",
        "tipo": "BARRIOS POR ORDENANZA",
        "ordenanza": "1572/85",
        "superficie_ha": "16.945.664.305.658"
      },
      "geometry": {
        "type": "Polygon",
        "coordinates": [
          [
            [
              -58.8085056218645,
              -27.4966744455138
            ],
            [
              -58.8125291955409,
              -27.4962219561482
            ],
            [
              -58.8123621030597,
              -27.4951093659765
            ],
            [
              -58.8122209800355,
              -27.4938863614492
            ],
            [
              -58.8125584037615,
              -27.4938385403242
            ],
            [
              -58.8123299690971,
              -27.4927491025674
            ],
            [
              -58.8088136276047,
              -27.4930683252302
            ],
            [
              -58.8087480245213,
              -27.492981455526
            ],
            [
              -58.8077309869174,
              -27.4931798752475
            ],
            [
              -58.8084024743188,
              -27.4966874852585
            ],
            [
              -58.8085056218645,
              -27.4966744455138
            ]
          ]
        ]
      }
    },
    {
      "type": "Feature",
      "properties": {
        "id": 64,
        "nombre": "PEDRO FERRE",
        "tipo": "BARRIOS POR ORDENANZA",
        "ordenanza": "3391/98",
        "superficie_ha": "57.511.101.688.707"
      },
      "geometry": {
        "type": "Polygon",
        "coordinates": [
          [
            [
              -58.8473985411239,
              -27.4744240361799
            ],
            [
              -58.849486905928,
              -27.474168575275
            ],
            [
              -58.8500241423421,
              -27.4741228739629
            ],
            [
              -58.8497935725403,
              -27.4721855124121
            ],
            [
              -58.8485010160524,
              -27.4722882308911
            ],
            [
              -58.8472034548423,
              -27.4723894037297
            ],
            [
              -58.8473985411239,
              -27.4744240361799
            ]
          ]
        ]
      }
    },
    {
      "type": "Feature",
      "properties": {
        "id": 65,
        "nombre": "PIO X",
        "tipo": "BARRIOS POR ORDENANZA",
        "ordenanza": "578/72",
        "superficie_ha": "257.576.543.806.775"
      },
      "geometry": {
        "type": "Polygon",
        "coordinates": [
          [
            [
              -58.8393675264391,
              -27.4852319590293
            ],
            [
              -58.8389156300438,
              -27.4852850022491
            ],
            [
              -58.8378787924107,
              -27.4854117313278
            ],
            [
              -58.8364334987044,
              -27.4855845981244
            ],
            [
              -58.836670959151,
              -27.4872576397562
            ],
            [
              -58.8369001592854,
              -27.4888543818088
            ],
            [
              -58.836966836144,
              -27.4892695829877
            ],
            [
              -58.8381393855792,
              -27.489122527489
            ],
            [
              -58.838135667036,
              -27.4902330549298
            ],
            [
              -58.838108946741,
              -27.4929064559311
            ],
            [
              -58.8381036691073,
              -27.493312153264
            ],
            [
              -58.8407938137757,
              -27.4932227651671
            ],
            [
              -58.8408510678757,
              -27.4931918140594
            ],
            [
              -58.8407241461755,
              -27.4922593113498
            ],
            [
              -58.8403244398049,
              -27.4888287148063
            ],
            [
              -58.839894024908,
              -27.4851734923068
            ],
            [
              -58.8393675264391,
              -27.4852319590293
            ]
          ]
        ]
      }
    },
    {
      "type": "Feature",
      "properties": {
        "id": 66,
        "nombre": "PIRAYUI",
        "tipo": "BARRIOS POR ORDENANZA",
        "ordenanza": "3027/97",
        "superficie_ha": "115.928.467.379.858"
      },
      "geometry": {
        "type": "Polygon",
        "coordinates": [
          [
            [
              -58.7884818537517,
              -27.5015784294894
            ],
            [
              -58.7883322582363,
              -27.5015919630594
            ],
            [
              -58.7875262502269,
              -27.5016886885855
            ],
            [
              -58.7874193857916,
              -27.5010712101754
            ],
            [
              -58.7869479570253,
              -27.5011349647316
            ],
            [
              -58.7853354066727,
              -27.5013966723551
            ],
            [
              -58.7843186328328,
              -27.5015506971061
            ],
            [
              -58.7813372736167,
              -27.5019953860442
            ],
            [
              -58.7805315970921,
              -27.5021119974384
            ],
            [
              -58.7799489291912,
              -27.5021770137768
            ],
            [
              -58.7798086207632,
              -27.5021736255804
            ],
            [
              -58.7795892060305,
              -27.5021026550402
            ],
            [
              -58.7796166697011,
              -27.5019985178431
            ],
            [
              -58.7785874564922,
              -27.5016617872535
            ],
            [
              -58.7772870396939,
              -27.5012336614219
            ],
            [
              -58.7769687340233,
              -27.501130135418
            ],
            [
              -58.7764944037061,
              -27.5009758621334
            ],
            [
              -58.7761545261437,
              -27.5008678351384
            ],
            [
              -58.7753779043427,
              -27.5006209890863
            ],
            [
              -58.7747052885698,
              -27.5022139690481
            ],
            [
              -58.7742304512215,
              -27.5033385119627
            ],
            [
              -58.7730613062317,
              -27.5060749341193
            ],
            [
              -58.7733274278059,
              -27.5062763484208
            ],
            [
              -58.7734075328776,
              -27.5063735722897
            ],
            [
              -58.7735549647514,
              -27.5064712609988
            ],
            [
              -58.7737775035786,
              -27.5066187151403
            ],
            [
              -58.7738170159734,
              -27.5066448959609
            ],
            [
              -58.7742077864632,
              -27.50693041555
            ],
            [
              -58.7745753191696,
              -27.5071611644084
            ],
            [
              -58.7753414290825,
              -27.5076835439798
            ],
            [
              -58.7753881013765,
              -27.5077117921202
            ],
            [
              -58.7758498423311,
              -27.5079996903078
            ],
            [
              -58.7766733326083,
              -27.5085779970532
            ],
            [
              -58.776886992813,
              -27.5087262382363
            ],
            [
              -58.777367897144,
              -27.5090690474407
            ],
            [
              -58.777783132552,
              -27.5093646353785
            ],
            [
              -58.7781032098322,
              -27.5095859563779
            ],
            [
              -58.778367207545,
              -27.5097783344594
            ],
            [
              -58.7785361538009,
              -27.5098983599483
            ],
            [
              -58.7785740868676,
              -27.5099219822033
            ],
            [
              -58.7787713026428,
              -27.5100472118342
            ],
            [
              -58.7788245193194,
              -27.5100764732831
            ],
            [
              -58.7789125210243,
              -27.5101248613718
            ],
            [
              -58.779004105697,
              -27.5101661151694
            ],
            [
              -58.7790904462476,
              -27.5101881907685
            ],
            [
              -58.7791061808534,
              -27.5101921657649
            ],
            [
              -58.779204710702,
              -27.5102138897812
            ],
            [
              -58.779455033094,
              -27.5102140757508
            ],
            [
              -58.7796504206029,
              -27.5102052389127
            ],
            [
              -58.7798791143578,
              -27.5101925892308
            ],
            [
              -58.7801304933125,
              -27.5101790927862
            ],
            [
              -58.7804232232513,
              -27.5101663819368
            ],
            [
              -58.7806287182265,
              -27.5101493089751
            ],
            [
              -58.780763214731,
              -27.5101361734661
            ],
            [
              -58.7808350878025,
              -27.5101406184723
            ],
            [
              -58.7809360887842,
              -27.5101657349144
            ],
            [
              -58.7810372036119,
              -27.5101842097424
            ],
            [
              -58.7811720409297,
              -27.5101714643265
            ],
            [
              -58.7819697452162,
              -27.5100943587999
            ],
            [
              -58.7821732108972,
              -27.5100761613715
            ],
            [
              -58.7822564346817,
              -27.5100687179701
            ],
            [
              -58.7823116417654,
              -27.5100727222687
            ],
            [
              -58.7823800863191,
              -27.510081487425
            ],
            [
              -58.782447906736,
              -27.5100884911645
            ],
            [
              -58.7825149785458,
              -27.5101094202104
            ],
            [
              -58.7825805064961,
              -27.5101298674728
            ],
            [
              -58.7826298720945,
              -27.5101524181581
            ],
            [
              -58.7829432870594,
              -27.5103622716301
            ],
            [
              -58.7830430494372,
              -27.5104280618082
            ],
            [
              -58.783317189153,
              -27.5106088476449
            ],
            [
              -58.7835398664787,
              -27.5107646202951
            ],
            [
              -58.7836474637494,
              -27.5108238740126
            ],
            [
              -58.7845532430544,
              -27.5096635143644
            ],
            [
              -58.7849767812703,
              -27.5091482447374
            ],
            [
              -58.7854462523423,
              -27.5085269193752
            ],
            [
              -58.785825014362,
              -27.5080112559235
            ],
            [
              -58.7864001008552,
              -27.5072843934092
            ],
            [
              -58.7868229202194,
              -27.5067391309943
            ],
            [
              -58.7876605403046,
              -27.5052993441208
            ],
            [
              -58.78869744222,
              -27.5037508083546
            ],
            [
              -58.7886868913964,
              -27.5031910041747
            ],
            [
              -58.7885828021818,
              -27.5025529917545
            ],
            [
              -58.7884818537517,
              -27.5015784294894
            ]
          ]
        ]
      }
    },
    {
      "type": "Feature",
      "properties": {
        "id": 67,
        "nombre": "PLACIDO MARTINEZ",
        "tipo": "BARRIOS POR ORDENANZA",
        "ordenanza": "578/72",
        "superficie_ha": "22.511.037.526.839"
      },
      "geometry": {
        "type": "Polygon",
        "coordinates": [
          [
            [
              -58.8118654079798,
              -27.4605676726867
            ],
            [
              -58.8116788687389,
              -27.4606363739641
            ],
            [
              -58.8115037080106,
              -27.4607015760869
            ],
            [
              -58.8113957178901,
              -27.4607006544556
            ],
            [
              -58.8113296598496,
              -27.4606630368527
            ],
            [
              -58.8112629659548,
              -27.4606846998642
            ],
            [
              -58.8112540231179,
              -27.460743909602
            ],
            [
              -58.8112531487434,
              -27.4608254204865
            ],
            [
              -58.8111283856365,
              -27.4608391769898
            ],
            [
              -58.8108957912801,
              -27.4608371911978
            ],
            [
              -58.8107881191307,
              -27.4608066287746
            ],
            [
              -58.8107299705636,
              -27.4608061322215
            ],
            [
              -58.8106876406078,
              -27.460879878314
            ],
            [
              -58.8105877186882,
              -27.4609012572268
            ],
            [
              -58.8105371611876,
              -27.4609675222431
            ],
            [
              -58.8104287731239,
              -27.461003650244
            ],
            [
              -58.8102203833085,
              -27.4610685668774
            ],
            [
              -58.8100048003231,
              -27.4610296711347
            ],
            [
              -58.8098472865626,
              -27.4609986820881
            ],
            [
              -58.8097398533508,
              -27.4609458886305
            ],
            [
              -58.8097741953638,
              -27.4608424315475
            ],
            [
              -58.8098666062404,
              -27.4607468814658
            ],
            [
              -58.8099665281379,
              -27.4607255030701
            ],
            [
              -58.8100667682702,
              -27.4606744842921
            ],
            [
              -58.8101665309473,
              -27.4606679259044
            ],
            [
              -58.8102001564444,
              -27.4606311593966
            ],
            [
              -58.8103078282449,
              -27.4606617222647
            ],
            [
              -58.8104070340895,
              -27.4607070342511
            ],
            [
              -58.8104574324583,
              -27.4606555894351
            ],
            [
              -58.8104499209502,
              -27.4605814176969
            ],
            [
              -58.8103924884168,
              -27.4605142303014
            ],
            [
              -58.8103682835924,
              -27.4604473267221
            ],
            [
              -58.8102860100137,
              -27.4603725163293
            ],
            [
              -58.8101288153377,
              -27.4603118873137
            ],
            [
              -58.8099543704615,
              -27.4603103967805
            ],
            [
              -58.8098125165234,
              -27.4603684706144
            ],
            [
              -58.8097530152165,
              -27.4604939449658
            ],
            [
              -58.8096773774885,
              -27.4605748168277
            ],
            [
              -58.8095853646017,
              -27.4606333164052
            ],
            [
              -58.8095022157817,
              -27.4606400163989
            ],
            [
              -58.8094810771334,
              -27.4606335294939
            ],
            [
              -58.8088772048321,
              -27.4614101305929
            ],
            [
              -58.8090764935481,
              -27.4626928583724
            ],
            [
              -58.8092580983022,
              -27.4637363474407
            ],
            [
              -58.8093947771894,
              -27.4647841076635
            ],
            [
              -58.8095591575637,
              -27.465824214812
            ],
            [
              -58.8097863270377,
              -27.4672606060102
            ],
            [
              -58.8118338373534,
              -27.4674384788995
            ],
            [
              -58.8127563841127,
              -27.4675091759682
            ],
            [
              -58.8129207415836,
              -27.4675225553342
            ],
            [
              -58.8125256904177,
              -27.4649995059995
            ],
            [
              -58.8123187823824,
              -27.4637627333571
            ],
            [
              -58.8118654079798,
              -27.4605676726867
            ]
          ]
        ]
      }
    },
    {
      "type": "Feature",
      "properties": {
        "id": 68,
        "nombre": "POPULAR",
        "tipo": "BARRIOS POR ORDENANZA",
        "ordenanza": "578/72",
        "superficie_ha": "304.272.770.810.902"
      },
      "geometry": {
        "type": "Polygon",
        "coordinates": [
          [
            [
              -58.7961287061737,
              -27.4708564763087
            ],
            [
              -58.7958768673823,
              -27.4691945552556
            ],
            [
              -58.7957386896856,
              -27.4681433398196
            ],
            [
              -58.7919496630967,
              -27.4671888587796
            ],
            [
              -58.7927439391876,
              -27.4714260418781
            ],
            [
              -58.7930457565475,
              -27.4730378885386
            ],
            [
              -58.7936640346372,
              -27.4758499615461
            ],
            [
              -58.7969348678317,
              -27.4752355480675
            ],
            [
              -58.7963782346884,
              -27.4722096769532
            ],
            [
              -58.796261844601,
              -27.4715662831889
            ],
            [
              -58.7961287061737,
              -27.4708564763087
            ]
          ]
        ]
      }
    },
    {
      "type": "Feature",
      "properties": {
        "id": 69,
        "nombre": "PRIMERA JUNTA",
        "tipo": "BARRIOS POR ORDENANZA",
        "ordenanza": "578/72",
        "superficie_ha": "247.017.998.496.131"
      },
      "geometry": {
        "type": "Polygon",
        "coordinates": [
          [
            [
              -58.8200955696166,
              -27.4847414494609
            ],
            [
              -58.8192594336134,
              -27.4848084439368
            ],
            [
              -58.815915622066,
              -27.4850763119547
            ],
            [
              -58.8162392655822,
              -27.4868460986794
            ],
            [
              -58.8163537374005,
              -27.4875553533839
            ],
            [
              -58.8168403907591,
              -27.4902157032029
            ],
            [
              -58.8171765318569,
              -27.492250726799
            ],
            [
              -58.8172410994443,
              -27.4922918162159
            ],
            [
              -58.8185475371158,
              -27.4906602149359
            ],
            [
              -58.8188256279834,
              -27.490309615666
            ],
            [
              -58.8194107763016,
              -27.4895775882809
            ],
            [
              -58.8198547949939,
              -27.4890221073105
            ],
            [
              -58.8206113775862,
              -27.4880547711516
            ],
            [
              -58.8204979307413,
              -27.4869465525437
            ],
            [
              -58.8204186390189,
              -27.4862530506003
            ],
            [
              -58.8202724182624,
              -27.4851905601131
            ],
            [
              -58.8202238910357,
              -27.4847315535625
            ],
            [
              -58.8200955696166,
              -27.4847414494609
            ]
          ]
        ]
      }
    },
    {
      "type": "Feature",
      "properties": {
        "id": 71,
        "nombre": "PUEBLO BUENOS AIRES",
        "tipo": "BARRIOS POR ORDENANZA",
        "ordenanza": "578/72",
        "superficie_ha": "143.147.942.829.768"
      },
      "geometry": {
        "type": "Polygon",
        "coordinates": [
          [
            [
              -58.7998658411806,
              -27.4745316230041
            ],
            [
              -58.7994386286389,
              -27.4724832616898
            ],
            [
              -58.7991902892287,
              -27.4712093123792
            ],
            [
              -58.7990145298965,
              -27.4703894104377
            ],
            [
              -58.7961287061737,
              -27.4708564763087
            ],
            [
              -58.796261844601,
              -27.4715662831889
            ],
            [
              -58.7963782346884,
              -27.4722096769532
            ],
            [
              -58.7969348678317,
              -27.4752355480675
            ],
            [
              -58.7972562009352,
              -27.4751797054016
            ],
            [
              -58.7982521381953,
              -27.4749836335018
            ],
            [
              -58.7998658411806,
              -27.4745316230041
            ]
          ]
        ]
      }
    },
    {
      "type": "Feature",
      "properties": {
        "id": 72,
        "nombre": "PUJOL",
        "tipo": "BARRIOS POR ORDENANZA",
        "ordenanza": "578/72",
        "superficie_ha": "113.796.221.521.369"
      },
      "geometry": {
        "type": "Polygon",
        "coordinates": [
          [
            [
              -58.8071338429294,
              -27.4672724145906
            ],
            [
              -58.8076426539238,
              -27.4671732529095
            ],
            [
              -58.8082462053991,
              -27.4671449916581
            ],
            [
              -58.8089584541703,
              -27.4672065002128
            ],
            [
              -58.80940973288,
              -27.4672304519095
            ],
            [
              -58.8097863270377,
              -27.4672606060102
            ],
            [
              -58.8095591575637,
              -27.465824214812
            ],
            [
              -58.8088250926897,
              -27.4660660111004
            ],
            [
              -58.8078320780272,
              -27.4640909220582
            ],
            [
              -58.8068628483639,
              -27.4644891237575
            ],
            [
              -58.8064147395728,
              -27.4636309818499
            ],
            [
              -58.8054479408293,
              -27.4640292314071
            ],
            [
              -58.8049581499502,
              -27.4642297202146
            ],
            [
              -58.8058537751968,
              -27.4659446989758
            ],
            [
              -58.8060585188586,
              -27.4663408132884
            ],
            [
              -58.8062964548938,
              -27.4668011405613
            ],
            [
              -58.8058025713645,
              -27.4669879167021
            ],
            [
              -58.8060466131451,
              -27.4675635519348
            ],
            [
              -58.8071338429294,
              -27.4672724145906
            ]
          ]
        ]
      }
    },
    {
      "type": "Feature",
      "properties": {
        "id": 110,
        "nombre": "ESPERANZA",
        "tipo": "ZONAS EN ORDENAMIENTO",
        "ordenanza": "S/D",
        "superficie_ha": "575.605.676.523.368"
      },
      "geometry": {
        "type": "Polygon",
        "coordinates": [
          [
            [
              -58.7848778689196,
              -27.5427802048
            ],
            [
              -58.7848108386885,
              -27.5428497253527
            ],
            [
              -58.7839581936998,
              -27.5507177114012
            ],
            [
              -58.7852157903001,
              -27.5506650845347
            ],
            [
              -58.7857639910221,
              -27.550975830361
            ],
            [
              -58.7857682066582,
              -27.5511508685209
            ],
            [
              -58.7864097229932,
              -27.5511385457764
            ],
            [
              -58.787084264223,
              -27.5506878819659
            ],
            [
              -58.7871825309045,
              -27.5506860002367
            ],
            [
              -58.7884346720889,
              -27.54961130736
            ],
            [
              -58.7890242664793,
              -27.5496000127255
            ],
            [
              -58.7896672150904,
              -27.5497628102824
            ],
            [
              -58.7900645011033,
              -27.5499303156098
            ],
            [
              -58.7904084317289,
              -27.549923722691
            ],
            [
              -58.790703229835,
              -27.5499180710717
            ],
            [
              -58.790712734238,
              -27.5503119072247
            ],
            [
              -58.7912135713226,
              -27.5506963220358
            ],
            [
              -58.7915448278457,
              -27.5501646123492
            ],
            [
              -58.7915370121977,
              -27.5498408671029
            ],
            [
              -58.7918137570834,
              -27.5493443798267
            ],
            [
              -58.7919732018384,
              -27.5490957317248
            ],
            [
              -58.7925244351502,
              -27.5490851570181
            ],
            [
              -58.7928842117703,
              -27.5479976578843
            ],
            [
              -58.7925919982879,
              -27.5473156123508
            ],
            [
              -58.7921954703463,
              -27.5468811573901
            ],
            [
              -58.7916442470585,
              -27.5468917311384
            ],
            [
              -58.7910930237534,
              -27.5469023026966
            ],
            [
              -58.7906342858571,
              -27.5449451946341
            ],
            [
              -58.7910420683328,
              -27.5447912068432
            ],
            [
              -58.7910254777231,
              -27.5441038731581
            ],
            [
              -58.7903569178951,
              -27.5438219844476
            ],
            [
              -58.7901920050473,
              -27.5434836508819
            ],
            [
              -58.7900052868179,
              -27.5430970648924
            ],
            [
              -58.7899260141485,
              -27.5431415202463
            ],
            [
              -58.7898101109169,
              -27.5431906727728
            ],
            [
              -58.7893967735185,
              -27.5431645003507
            ],
            [
              -58.7883933167822,
              -27.5430679734328
            ],
            [
              -58.7865225743992,
              -27.5429024217978
            ],
            [
              -58.7849937740228,
              -27.5427628031915
            ],
            [
              -58.7848778689196,
              -27.5427802048
            ]
          ]
        ]
      }
    },
    {
      "type": "Feature",
      "properties": {
        "id": 115,
        "nombre": "LOMAS",
        "tipo": "ZONAS EN ORDENAMIENTO",
        "ordenanza": "S/D",
        "superficie_ha": "482.600.378.649.039"
      },
      "geometry": {
        "type": "Polygon",
        "coordinates": [
          [
            [
              -58.752247860465,
              -27.4839808245089
            ],
            [
              -58.7520693540048,
              -27.4839916741996
            ],
            [
              -58.7532477399536,
              -27.4908874672109
            ],
            [
              -58.7537314991342,
              -27.4907998041592
            ],
            [
              -58.7547371827423,
              -27.4906175561754
            ],
            [
              -58.7549377345898,
              -27.4905803580487
            ],
            [
              -58.7562124485812,
              -27.4903439181579
            ],
            [
              -58.7563502219363,
              -27.4903094751804
            ],
            [
              -58.756973876111,
              -27.4901535612762
            ],
            [
              -58.7596282797165,
              -27.489316490515
            ],
            [
              -58.7598411266528,
              -27.4892493660878
            ],
            [
              -58.7608221606053,
              -27.4889375945846
            ],
            [
              -58.760814003623,
              -27.4888660866279
            ],
            [
              -58.760599199914,
              -27.4873645405138
            ],
            [
              -58.760424634939,
              -27.4863203249187
            ],
            [
              -58.7602449690631,
              -27.4852492477812
            ],
            [
              -58.7591715037417,
              -27.4854063647499
            ],
            [
              -58.7579836278522,
              -27.4855559101063
            ],
            [
              -58.7567483657078,
              -27.4857033747706
            ],
            [
              -58.7566168203655,
              -27.4848198722499
            ],
            [
              -58.7566199984543,
              -27.4848194585058
            ],
            [
              -58.7564728932334,
              -27.4838121412981
            ],
            [
              -58.7563614533587,
              -27.4832951241092
            ],
            [
              -58.7543328643265,
              -27.483842359429
            ],
            [
              -58.7530800012394,
              -27.4839305272979
            ],
            [
              -58.752247860465,
              -27.4839808245089
            ]
          ]
        ]
      }
    },
    {
      "type": "Feature",
      "properties": {
        "id": 81,
        "nombre": "SAN JORGE",
        "tipo": "BARRIOS POR ORDENANZA",
        "ordenanza": "2920/96",
        "superficie_ha": "288.058.281.115.651"
      },
      "geometry": {
        "type": "Polygon",
        "coordinates": [
          [
            [
              -58.7973526583503,
              -27.4981327803289
            ],
            [
              -58.7975861270997,
              -27.4987593093266
            ],
            [
              -58.8004014857341,
              -27.4971752342183
            ],
            [
              -58.800526816341,
              -27.496928958494
            ],
            [
              -58.8005114773163,
              -27.4966699024856
            ],
            [
              -58.8003133832421,
              -27.4962501406509
            ],
            [
              -58.7973526583503,
              -27.4981327803289
            ]
          ]
        ]
      }
    },
    {
      "type": "Feature",
      "properties": {
        "id": 82,
        "nombre": "SAN JOSE",
        "tipo": "BARRIOS POR ORDENANZA",
        "ordenanza": "578/72",
        "superficie_ha": "562.880.516.206.553"
      },
      "geometry": {
        "type": "Polygon",
        "coordinates": [
          [
            [
              -58.7939210065394,
              -27.4829102236606
            ],
            [
              -58.7943526608617,
              -27.4827888748132
            ],
            [
              -58.7960183279682,
              -27.4822975795455
            ],
            [
              -58.7960683144269,
              -27.4822848919719
            ],
            [
              -58.796691852879,
              -27.4821054939485
            ],
            [
              -58.7980364613443,
              -27.4817176809148
            ],
            [
              -58.7983945827171,
              -27.4816155847613
            ],
            [
              -58.7983177145471,
              -27.4814093024664
            ],
            [
              -58.7975687012137,
              -27.4771594578767
            ],
            [
              -58.7972562009352,
              -27.4751797054016
            ],
            [
              -58.7969348678317,
              -27.4752355480675
            ],
            [
              -58.7936640346372,
              -27.4758499615461
            ],
            [
              -58.792406593258,
              -27.4760779736315
            ],
            [
              -58.7912658249321,
              -27.4762328645142
            ],
            [
              -58.7906300287739,
              -27.4763343695796
            ],
            [
              -58.7900189476873,
              -27.4764319259435
            ],
            [
              -58.7898736046861,
              -27.4764551288808
            ],
            [
              -58.7904127605426,
              -27.479200455585
            ],
            [
              -58.7908499918282,
              -27.4813459808756
            ],
            [
              -58.7913678561352,
              -27.4836258143243
            ],
            [
              -58.7917225536473,
              -27.483546449274
            ],
            [
              -58.7924308961769,
              -27.4833379562209
            ],
            [
              -58.7924846510556,
              -27.483322300974
            ],
            [
              -58.7932271518108,
              -27.4831060569196
            ],
            [
              -58.7937227404456,
              -27.4829682068468
            ],
            [
              -58.7939210065394,
              -27.4829102236606
            ]
          ]
        ]
      }
    },
    {
      "type": "Feature",
      "properties": {
        "id": 83,
        "nombre": "SAN MARCELO",
        "tipo": "BARRIOS POR ORDENANZA",
        "ordenanza": "1893/89",
        "superficie_ha": "34.533.771.749.229"
      },
      "geometry": {
        "type": "Polygon",
        "coordinates": [
          [
            [
              -58.7948061015337,
              -27.4944910587557
            ],
            [
              -58.7962482113171,
              -27.4940648420056
            ],
            [
              -58.7953230914556,
              -27.4880784578256
            ],
            [
              -58.793828634388,
              -27.4882770466964
            ],
            [
              -58.7925162768571,
              -27.4884807366288
            ],
            [
              -58.7925218708394,
              -27.4885385857804
            ],
            [
              -58.7927152170239,
              -27.4905380104525
            ],
            [
              -58.7899489433263,
              -27.4912781589275
            ],
            [
              -58.7902037160264,
              -27.4951106405624
            ],
            [
              -58.7902242240437,
              -27.4953608739655
            ],
            [
              -58.7912545212979,
              -27.4951971495995
            ],
            [
              -58.7934974030763,
              -27.4949265499921
            ],
            [
              -58.7948061015337,
              -27.4944910587557
            ]
          ]
        ]
      }
    },
    {
      "type": "Feature",
      "properties": {
        "id": 84,
        "nombre": "SAN MARCOS",
        "tipo": "BARRIOS POR ORDENANZA",
        "ordenanza": "578/72",
        "superficie_ha": "139.674.195.647.756"
      },
      "geometry": {
        "type": "Polygon",
        "coordinates": [
          [
            [
              -58.8228161405977,
              -27.4893604878608
            ],
            [
              -58.8236679416696,
              -27.4893058779013
            ],
            [
              -58.8242986153183,
              -27.4892629107254
            ],
            [
              -58.8249138209643,
              -27.4892432060351
            ],
            [
              -58.8250921308152,
              -27.4892380422506
            ],
            [
              -58.8256826609376,
              -27.489176675519
            ],
            [
              -58.8255704858095,
              -27.4884456526651
            ],
            [
              -58.8249886408479,
              -27.4840988563657
            ],
            [
              -58.8208056946008,
              -27.4894291664745
            ],
            [
              -58.8207328102849,
              -27.4895227695806
            ],
            [
              -58.8220042344583,
              -27.4894486184272
            ],
            [
              -58.8228161405977,
              -27.4893604878608
            ]
          ]
        ]
      }
    },
    {
      "type": "Feature",
      "properties": {
        "id": 85,
        "nombre": "SAN MARTIN",
        "tipo": "BARRIOS POR ORDENANZA",
        "ordenanza": "578/72",
        "superficie_ha": "696.979.941.060.858"
      },
      "geometry": {
        "type": "Polygon",
        "coordinates": [
          [
            [
              -58.8391388332649,
              -27.4839490592637
            ],
            [
              -58.8393675264391,
              -27.4852319590293
            ],
            [
              -58.839894024908,
              -27.4851734923068
            ],
            [
              -58.8430742857904,
              -27.48481710661
            ],
            [
              -58.8456339907598,
              -27.484543769695
            ],
            [
              -58.8443081376966,
              -27.474812606529
            ],
            [
              -58.8435901722748,
              -27.4749072838748
            ],
            [
              -58.8377370335346,
              -27.4756379390802
            ],
            [
              -58.8381615640094,
              -27.4781550533963
            ],
            [
              -58.8391388332649,
              -27.4839490592637
            ]
          ]
        ]
      }
    },
    {
      "type": "Feature",
      "properties": {
        "id": 87,
        "nombre": "SANTA MARIA",
        "tipo": "BARRIOS POR ORDENANZA",
        "ordenanza": "578/72",
        "superficie_ha": "222.966.216.208.134"
      },
      "geometry": {
        "type": "Polygon",
        "coordinates": [
          [
            [
              -58.8330267021792,
              -27.4904907067918
            ],
            [
              -58.8335750842335,
              -27.4935340919774
            ],
            [
              -58.838108946741,
              -27.4929064559311
            ],
            [
              -58.838135667036,
              -27.4902330549298
            ],
            [
              -58.8381393855792,
              -27.489122527489
            ],
            [
              -58.836966836144,
              -27.4892695829877
            ],
            [
              -58.8369001592854,
              -27.4888543818088
            ],
            [
              -58.8342806983219,
              -27.4892292124079
            ],
            [
              -58.8328475527733,
              -27.4894432215484
            ],
            [
              -58.8330267021792,
              -27.4904907067918
            ]
          ]
        ]
      }
    },
    {
      "type": "Feature",
      "properties": {
        "id": 89,
        "nombre": "SANTA ROSA",
        "tipo": "BARRIOS POR ORDENANZA",
        "ordenanza": "578/72",
        "superficie_ha": "439.779.399.367.025"
      },
      "geometry": {
        "type": "Polygon",
        "coordinates": [
          [
            [
              -58.8203796496556,
              -27.4778280628687
            ],
            [
              -58.8209582153132,
              -27.4800277639293
            ],
            [
              -58.8214188932911,
              -27.4814548257472
            ],
            [
              -58.8216824095799,
              -27.4822711151327
            ],
            [
              -58.8229310529467,
              -27.482117686516
            ],
            [
              -58.8229483889279,
              -27.4821978435481
            ],
            [
              -58.8257795616559,
              -27.4831368897322
            ],
            [
              -58.8283944124356,
              -27.4798428363714
            ],
            [
              -58.8301750040232,
              -27.4776020287794
            ],
            [
              -58.8309693751741,
              -27.4764994494908
            ],
            [
              -58.8301664631927,
              -27.4766013402606
            ],
            [
              -58.8203796496556,
              -27.4778280628687
            ]
          ]
        ]
      }
    },
    {
      "type": "Feature",
      "properties": {
        "id": 90,
        "nombre": "SANTA TERESITA",
        "tipo": "BARRIOS POR ORDENANZA",
        "ordenanza": "578/72",
        "superficie_ha": "461.199.797.351.533"
      },
      "geometry": {
        "type": "Polygon",
        "coordinates": [
          [
            [
              -58.8098397312304,
              -27.4791322766243
            ],
            [
              -58.810127248497,
              -27.4805021727881
            ],
            [
              -58.8107266212824,
              -27.4848973180545
            ],
            [
              -58.8110569977198,
              -27.4871560927208
            ],
            [
              -58.8112774519445,
              -27.4872002825771
            ],
            [
              -58.8134313280373,
              -27.4870591055573
            ],
            [
              -58.8162392655822,
              -27.4868460986794
            ],
            [
              -58.815915622066,
              -27.4850763119547
            ],
            [
              -58.8155634021605,
              -27.4830317419813
            ],
            [
              -58.8153930678034,
              -27.4820950151644
            ],
            [
              -58.8151344472656,
              -27.4806208161678
            ],
            [
              -58.8151344472656,
              -27.4806208161677
            ],
            [
              -58.8147404900519,
              -27.4785216844082
            ],
            [
              -58.8098397310783,
              -27.4791322758996
            ],
            [
              -58.8098397312304,
              -27.4791322766243
            ]
          ]
        ]
      }
    },
    {
      "type": "Feature",
      "properties": {
        "id": 95,
        "nombre": "SUR",
        "tipo": "BARRIOS POR ORDENANZA",
        "ordenanza": "578/72",
        "superficie_ha": "698.128.193.875.739"
      },
      "geometry": {
        "type": "Polygon",
        "coordinates": [
          [
            [
              -58.8364334987044,
              -27.4855845981244
            ],
            [
              -58.8378787924107,
              -27.4854117313278
            ],
            [
              -58.8389156300438,
              -27.4852850022491
            ],
            [
              -58.8393675264391,
              -27.4852319590293
            ],
            [
              -58.8391388332649,
              -27.4839490592637
            ],
            [
              -58.8381615640094,
              -27.4781550533963
            ],
            [
              -58.8377370335346,
              -27.4756379390802
            ],
            [
              -58.8375553168533,
              -27.475660842232
            ],
            [
              -58.8314309843957,
              -27.4764381946324
            ],
            [
              -58.8315276999561,
              -27.4776007836485
            ],
            [
              -58.831616595755,
              -27.4782828015715
            ],
            [
              -58.8318457381077,
              -27.4800615020327
            ],
            [
              -58.8324945450975,
              -27.4852599498852
            ],
            [
              -58.8340845091769,
              -27.4857244983474
            ],
            [
              -58.8344202829497,
              -27.4857587387268
            ],
            [
              -58.8352096046739,
              -27.4857121607891
            ],
            [
              -58.8364334987044,
              -27.4855845981244
            ]
          ]
        ]
      }
    },
    {
      "type": "Feature",
      "properties": {
        "id": 98,
        "nombre": "UNIVERSITARIO",
        "tipo": "BARRIOS POR ORDENANZA",
        "ordenanza": "578/72",
        "superficie_ha": "553.609.083.458.512"
      },
      "geometry": {
        "type": "Polygon",
        "coordinates": [
          [
            [
              -58.7830437246717,
              -27.4826441028421
            ],
            [
              -58.7828818336672,
              -27.4832849783314
            ],
            [
              -58.7829193471782,
              -27.4835336247197
            ],
            [
              -58.7830774694618,
              -27.4837943620068
            ],
            [
              -58.7833351686371,
              -27.4840090650004
            ],
            [
              -58.7835499787875,
              -27.4841400492302
            ],
            [
              -58.7840142982685,
              -27.4842041909153
            ],
            [
              -58.7843996027529,
              -27.4842076294353
            ],
            [
              -58.784460585652,
              -27.4842038090702
            ],
            [
              -58.7857935776273,
              -27.4841202950303
            ],
            [
              -58.7863502264888,
              -27.484083927679
            ],
            [
              -58.786398837929,
              -27.4840804134103
            ],
            [
              -58.7870169796428,
              -27.4840357245621
            ],
            [
              -58.7870972347323,
              -27.4840305084212
            ],
            [
              -58.7874412429037,
              -27.484008149244
            ],
            [
              -58.7882308492198,
              -27.4839482173838
            ],
            [
              -58.7882840399382,
              -27.483944807353
            ],
            [
              -58.7896168664658,
              -27.483859353776
            ],
            [
              -58.7903060533211,
              -27.4837999582447
            ],
            [
              -58.7909542073427,
              -27.4837032449316
            ],
            [
              -58.7913678561352,
              -27.4836258143243
            ],
            [
              -58.7908499918282,
              -27.4813459808756
            ],
            [
              -58.7904127605426,
              -27.479200455585
            ],
            [
              -58.7898736046861,
              -27.4764551288808
            ],
            [
              -58.7895134193962,
              -27.476512629103
            ],
            [
              -58.7886644280246,
              -27.4766422786233
            ],
            [
              -58.7879208421877,
              -27.4767828493686
            ],
            [
              -58.7859366697703,
              -27.4772902157881
            ],
            [
              -58.7851627833197,
              -27.4776187650973
            ],
            [
              -58.7845632366382,
              -27.4778714552196
            ],
            [
              -58.7830886765099,
              -27.478234027246
            ],
            [
              -58.7835146274112,
              -27.4793987692252
            ],
            [
              -58.7836251156919,
              -27.4799768795844
            ],
            [
              -58.7836467172723,
              -27.4803446399683
            ],
            [
              -58.7836417187877,
              -27.4805094853056
            ],
            [
              -58.783628877983,
              -27.4808078790636
            ],
            [
              -58.7835054206307,
              -27.4813099959053
            ],
            [
              -58.783330559089,
              -27.4818486211413
            ],
            [
              -58.7830501903643,
              -27.4826248884558
            ],
            [
              -58.7830437246717,
              -27.4826441028421
            ]
          ]
        ]
      }
    },
    {
      "type": "Feature",
      "properties": {
        "id": 117,
        "nombre": "LAS DOS CURVAS",
        "tipo": "ZONAS EN ORDENAMIENTO",
        "ordenanza": "S/D",
        "superficie_ha": "438.459.196.729.428"
      },
      "geometry": {
        "type": "Polygon",
        "coordinates": [
          [
            [
              -58.7219214119285,
              -27.4896612059866
            ],
            [
              -58.7226364745505,
              -27.4896895151733
            ],
            [
              -58.7226382534414,
              -27.4896895663733
            ],
            [
              -58.722670058324,
              -27.4896923379785
            ],
            [
              -58.7251311210529,
              -27.4899068317722
            ],
            [
              -58.7247874712521,
              -27.4878003899807
            ],
            [
              -58.7228465069683,
              -27.4887159127467
            ],
            [
              -58.7219717573704,
              -27.4892130535958
            ],
            [
              -58.7219214119285,
              -27.4896612059866
            ]
          ]
        ]
      }
    },
    {
      "type": "Feature",
      "properties": {
        "id": 125,
        "nombre": "ASENTAMIENTO ERAGIA",
        "tipo": "ASENTAMIENTOS INFORMALES",
        "ordenanza": "S/D",
        "superficie_ha": "308.607.437.249.552"
      },
      "geometry": {
        "type": "Polygon",
        "coordinates": [
          [
            [
              -58.7821468172279,
              -27.4768898103653
            ],
            [
              -58.7810550466805,
              -27.478558812023
            ],
            [
              -58.7753208763576,
              -27.4797933291208
            ],
            [
              -58.7754802444143,
              -27.4798530220041
            ],
            [
              -58.7759818539952,
              -27.4797715155605
            ],
            [
              -58.7760879253769,
              -27.4797562392525
            ],
            [
              -58.7771982841927,
              -27.4795963212059
            ],
            [
              -58.7775404936584,
              -27.4795470330229
            ],
            [
              -58.7780001260462,
              -27.4794943570015
            ],
            [
              -58.7782021106274,
              -27.4794586670219
            ],
            [
              -58.7785469339534,
              -27.47939540175
            ],
            [
              -58.7788527305458,
              -27.4793340537941
            ],
            [
              -58.7791884964552,
              -27.4792676320854
            ],
            [
              -58.7793550862638,
              -27.4792431485795
            ],
            [
              -58.7796742275532,
              -27.4791651729524
            ],
            [
              -58.7802801885696,
              -27.4790104065265
            ],
            [
              -58.7810962277586,
              -27.4787934461442
            ],
            [
              -58.7816303993947,
              -27.4786380451092
            ],
            [
              -58.7822543601597,
              -27.4784780915663
            ],
            [
              -58.7826946978235,
              -27.4783469173871
            ],
            [
              -58.7821468172279,
              -27.4768898103653
            ]
          ]
        ]
      }
    },
    {
      "type": "Feature",
      "properties": {
        "id": 119,
        "nombre": "PARQUE CADENA NORTE",
        "tipo": "ZONAS EN ORDENAMIENTO",
        "ordenanza": "S/D",
        "superficie_ha": "327.607.411.549.066"
      },
      "geometry": {
        "type": "Polygon",
        "coordinates": [
          [
            [
              -58.7520693540048,
              -27.4839916741996
            ],
            [
              -58.7512761508799,
              -27.4840398825859
            ],
            [
              -58.7503253320404,
              -27.4841516127123
            ],
            [
              -58.7496897961132,
              -27.4842068721356
            ],
            [
              -58.7489464563101,
              -27.4842720168345
            ],
            [
              -58.7479537637081,
              -27.4843802214457
            ],
            [
              -58.7479656007761,
              -27.4845403186408
            ],
            [
              -58.7481640675047,
              -27.4856993010042
            ],
            [
              -58.7482377094312,
              -27.4861293408357
            ],
            [
              -58.7483501193169,
              -27.4867857645113
            ],
            [
              -58.7484179266097,
              -27.4871817255395
            ],
            [
              -58.7485336467356,
              -27.4878574679481
            ],
            [
              -58.7491684253173,
              -27.4915934038154
            ],
            [
              -58.7511917858068,
              -27.4912600106513
            ],
            [
              -58.7513620095905,
              -27.4912291669837
            ],
            [
              -58.7526130517853,
              -27.4910024776483
            ],
            [
              -58.7532477399536,
              -27.4908874672109
            ],
            [
              -58.7520693540048,
              -27.4839916741996
            ]
          ]
        ]
      }
    },
    {
      "type": "Feature",
      "properties": {
        "id": 120,
        "nombre": "SAMELA NORTE",
        "tipo": "ZONAS EN ORDENAMIENTO",
        "ordenanza": "S/D",
        "superficie_ha": "972.745.145.713.486"
      },
      "geometry": {
        "type": "Polygon",
        "coordinates": [
          [
            [
              -58.7597902617118,
              -27.4826671326981
            ],
            [
              -58.7587982324475,
              -27.4828758109348
            ],
            [
              -58.7584700012653,
              -27.4829605272977
            ],
            [
              -58.7575793886368,
              -27.4830881593584
            ],
            [
              -58.7570900012586,
              -27.4831405272978
            ],
            [
              -58.7564500012556,
              -27.4832705272978
            ],
            [
              -58.7563614533587,
              -27.4832951241092
            ],
            [
              -58.7564728932334,
              -27.4838121412981
            ],
            [
              -58.7566199984543,
              -27.4848194585058
            ],
            [
              -58.7566168203655,
              -27.4848198722499
            ],
            [
              -58.7567483657078,
              -27.4857033747706
            ],
            [
              -58.7579836278522,
              -27.4855559101063
            ],
            [
              -58.7591715037417,
              -27.4854063647499
            ],
            [
              -58.7602449690631,
              -27.4852492477812
            ],
            [
              -58.7600746840212,
              -27.4843558335586
            ],
            [
              -58.7599129561812,
              -27.4833525481568
            ],
            [
              -58.7597902617118,
              -27.4826671326981
            ]
          ]
        ]
      }
    },
    {
      "type": "Feature",
      "properties": {
        "id": 114,
        "nombre": "CREMONTE",
        "tipo": "BARRIOS POR ORDENANZA",
        "ordenanza": "S/D",
        "superficie_ha": "658.391.747.292.335"
      },
      "geometry": {
        "type": "Polygon",
        "coordinates": [
          [
            [
              -58.7727466196743,
              -27.4856542963589
            ],
            [
              -58.7746579083148,
              -27.4853442701322
            ],
            [
              -58.7769256568522,
              -27.4849782335534
            ],
            [
              -58.7791028636951,
              -27.4846570063155
            ],
            [
              -58.7795398887346,
              -27.4845963687041
            ],
            [
              -58.7802217396814,
              -27.4844928894312
            ],
            [
              -58.7825143499315,
              -27.4841155731558
            ],
            [
              -58.7828818336672,
              -27.4832849783314
            ],
            [
              -58.7830437246717,
              -27.4826441028421
            ],
            [
              -58.7830501903643,
              -27.4826248884558
            ],
            [
              -58.783330559089,
              -27.4818486211413
            ],
            [
              -58.7835054206307,
              -27.4813099959053
            ],
            [
              -58.7835726204245,
              -27.4810366863814
            ],
            [
              -58.783628877983,
              -27.4808078790636
            ],
            [
              -58.7836417187877,
              -27.4805094853056
            ],
            [
              -58.7836467172723,
              -27.4803446399683
            ],
            [
              -58.7836418597544,
              -27.4802619423341
            ],
            [
              -58.7836251156919,
              -27.4799768795844
            ],
            [
              -58.7835146274112,
              -27.4793987692252
            ],
            [
              -58.7830886765099,
              -27.478234027246
            ],
            [
              -58.7826946978235,
              -27.4783469173871
            ],
            [
              -58.7822543601597,
              -27.4784780915663
            ],
            [
              -58.7816303993947,
              -27.4786380451092
            ],
            [
              -58.7810962277586,
              -27.4787934461442
            ],
            [
              -58.7802801885696,
              -27.4790104065265
            ],
            [
              -58.7796742275532,
              -27.4791651729524
            ],
            [
              -58.7793550862638,
              -27.4792431485795
            ],
            [
              -58.7791884964552,
              -27.4792676320854
            ],
            [
              -58.7788527305458,
              -27.4793340537941
            ],
            [
              -58.7785469339534,
              -27.47939540175
            ],
            [
              -58.7782021106274,
              -27.4794586670219
            ],
            [
              -58.7780001260462,
              -27.4794943570015
            ],
            [
              -58.7775404936584,
              -27.4795470330229
            ],
            [
              -58.7771982841927,
              -27.4795963212059
            ],
            [
              -58.7760879253769,
              -27.4797562392525
            ],
            [
              -58.7759818539952,
              -27.4797715155605
            ],
            [
              -58.7754802444143,
              -27.4798530220041
            ],
            [
              -58.7750140511169,
              -27.479933312098
            ],
            [
              -58.7739803919453,
              -27.4801094957959
            ],
            [
              -58.7730548317429,
              -27.4802573168471
            ],
            [
              -58.7718802018405,
              -27.480432145961
            ],
            [
              -58.771960262955,
              -27.4810784516792
            ],
            [
              -58.7719915000118,
              -27.4812530216984
            ],
            [
              -58.7727167593454,
              -27.4855260554512
            ],
            [
              -58.7727466196743,
              -27.4856542963589
            ]
          ]
        ]
      }
    },
    {
      "type": "Feature",
      "properties": {
        "id": 113,
        "nombre": "DR. MONTAÑA",
        "tipo": "BARRIOS POR ORDENANZA",
        "ordenanza": "S/D",
        "superficie_ha": "116.675.792.825.809"
      },
      "geometry": {
        "type": "Polygon",
        "coordinates": [
          [
            [
              -58.7963124593751,
              -27.5208737391122
            ],
            [
              -58.7959656167738,
              -27.5206335455621
            ],
            [
              -58.7954739698704,
              -27.5203296633958
            ],
            [
              -58.7946632181602,
              -27.5198639645022
            ],
            [
              -58.7942869006556,
              -27.5190888528689
            ],
            [
              -58.7938111308015,
              -27.5186130413868
            ],
            [
              -58.7935917691621,
              -27.5179044187798
            ],
            [
              -58.7929128441865,
              -27.5171901902126
            ],
            [
              -58.7919477493146,
              -27.5173712678589
            ],
            [
              -58.7903065578389,
              -27.5170785483721
            ],
            [
              -58.7893076281728,
              -27.5165683016874
            ],
            [
              -58.7890205320274,
              -27.5168449698095
            ],
            [
              -58.7884013239508,
              -27.5173966190866
            ],
            [
              -58.7880830626533,
              -27.5177061717362
            ],
            [
              -58.7864372176205,
              -27.5323091540044
            ],
            [
              -58.7900153614321,
              -27.5314442029713
            ],
            [
              -58.7916351374312,
              -27.5308167021442
            ],
            [
              -58.7950100321079,
              -27.5277569827333
            ],
            [
              -58.7957848967592,
              -27.5261564863812
            ],
            [
              -58.7964015029928,
              -27.5250325062709
            ],
            [
              -58.7971769313451,
              -27.524291569303
            ],
            [
              -58.7968971696701,
              -27.5225842438094
            ],
            [
              -58.7969435780459,
              -27.5215652891059
            ],
            [
              -58.7963124593751,
              -27.5208737391122
            ]
          ]
        ]
      }
    },
    {
      "type": "Feature",
      "properties": {
        "id": 112,
        "nombre": "SANTA MARGARITA",
        "tipo": "BARRIOS POR ORDENANZA",
        "ordenanza": "7772/22",
        "superficie_ha": "733.902.721.434.981"
      },
      "geometry": {
        "type": "Polygon",
        "coordinates": [
          [
            [
              -58.7550832284591,
              -27.5383812877961
            ],
            [
              -58.753605918385,
              -27.5408849086451
            ],
            [
              -58.7525677930867,
              -27.5434712318981
            ],
            [
              -58.7522390088132,
              -27.5445422720812
            ],
            [
              -58.7520252878186,
              -27.5453971546804
            ],
            [
              -58.7514388626818,
              -27.5478672019514
            ],
            [
              -58.754333668771,
              -27.5478036639885
            ],
            [
              -58.7560101582812,
              -27.5461050886688
            ],
            [
              -58.7596736362693,
              -27.5425924647071
            ],
            [
              -58.7632882817029,
              -27.5394732327422
            ],
            [
              -58.7659196034065,
              -27.537330001099
            ],
            [
              -58.7675428370685,
              -27.5352576027472
            ],
            [
              -58.7676345283573,
              -27.5351928801365
            ],
            [
              -58.7679076170694,
              -27.5350001127473
            ],
            [
              -58.769774437074,
              -27.5333478727475
            ],
            [
              -58.7708525315912,
              -27.53230970391
            ],
            [
              -58.7709331470769,
              -27.5322320727477
            ],
            [
              -58.7710618970773,
              -27.5320818627477
            ],
            [
              -58.7711761136351,
              -27.5319519007104
            ],
            [
              -58.771249635686,
              -27.5318668260776
            ],
            [
              -58.771094556394,
              -27.5317912972401
            ],
            [
              -58.7683210512046,
              -27.5304732784327
            ],
            [
              -58.7680246680209,
              -27.5303324268271
            ],
            [
              -58.7672734737519,
              -27.5299732258848
            ],
            [
              -58.7669729135185,
              -27.5298864302097
            ],
            [
              -58.7667256175138,
              -27.5298054823932
            ],
            [
              -58.7662769196046,
              -27.5296777445975
            ],
            [
              -58.7659704845365,
              -27.5296187719085
            ],
            [
              -58.765718397145,
              -27.5295902827094
            ],
            [
              -58.7654326172768,
              -27.5295652440847
            ],
            [
              -58.765163537197,
              -27.5295516038216
            ],
            [
              -58.7649236919989,
              -27.529556973785
            ],
            [
              -58.7646542766421,
              -27.5295733312147
            ],
            [
              -58.7644016865878,
              -27.5295898376515
            ],
            [
              -58.7641531350486,
              -27.5296213803518
            ],
            [
              -58.7639297794869,
              -27.529656896821
            ],
            [
              -58.7636640246943,
              -27.5297220375445
            ],
            [
              -58.7634445813823,
              -27.5297838394555
            ],
            [
              -58.7631827385527,
              -27.5298752654758
            ],
            [
              -58.7629248077675,
              -27.5299929772376
            ],
            [
              -58.7626667084731,
              -27.5301256878258
            ],
            [
              -58.7624085665691,
              -27.5302621477427
            ],
            [
              -58.7620230565742,
              -27.5305024787896
            ],
            [
              -58.7616966125244,
              -27.5307461612026
            ],
            [
              -58.7613231133764,
              -27.5310434647955
            ],
            [
              -58.7613152596526,
              -27.5310527921782
            ],
            [
              -58.7612790020992,
              -27.5310958530076
            ],
            [
              -58.7574364932922,
              -27.5354751030693
            ],
            [
              -58.756261527061,
              -27.5368509600275
            ],
            [
              -58.7550832284591,
              -27.5383812877961
            ]
          ]
        ]
      }
    },
    {
      "type": "Feature",
      "properties": {
        "id": 127,
        "nombre": "CLUB DE CAMPO (23566-U)",
        "tipo": "CLUB DE CAMPO",
        "ordenanza": "S/D",
        "superficie_ha": "113.233.416.923.907"
      },
      "geometry": {
        "type": "Polygon",
        "coordinates": [
          [
            [
              -58.6781004862618,
              -27.4518767147835
            ],
            [
              -58.6781562728769,
              -27.4521817013381
            ],
            [
              -58.678204746455,
              -27.4524467060836
            ],
            [
              -58.6782454662773,
              -27.4526693238243
            ],
            [
              -58.6782677149303,
              -27.4527909530849
            ],
            [
              -58.6782861872551,
              -27.4528919415616
            ],
            [
              -58.6783269073552,
              -27.4531145601783
            ],
            [
              -58.6783676286217,
              -27.4533371778895
            ],
            [
              -58.6784083500216,
              -27.4535597964897
            ],
            [
              -58.6784490705653,
              -27.4537824141651
            ],
            [
              -58.6784897922646,
              -27.4540050318371
            ],
            [
              -58.6785305130861,
              -27.4542276503886
            ],
            [
              -58.6785712350739,
              -27.4544502680345
            ],
            [
              -58.6786042029931,
              -27.454630499605
            ],
            [
              -58.6786728445349,
              -27.4550057446139
            ],
            [
              -58.6789332424934,
              -27.4550133000857
            ],
            [
              -58.6791698097592,
              -27.4550201643959
            ],
            [
              -58.6791883847753,
              -27.4550207032712
            ],
            [
              -58.6794225264445,
              -27.4550274972308
            ],
            [
              -58.6795522947643,
              -27.455031262124
            ],
            [
              -58.6795893316124,
              -27.455221247143
            ],
            [
              -58.6796326377806,
              -27.4554433963551
            ],
            [
              -58.679675944114,
              -27.4556655446507
            ],
            [
              -58.6797192516025,
              -27.455887693844
            ],
            [
              -58.679762558245,
              -27.4561098421111
            ],
            [
              -58.6798058650311,
              -27.4563319912663
            ],
            [
              -58.6801970595619,
              -27.4563312658393
            ],
            [
              -58.680338864703,
              -27.4563309700565
            ],
            [
              -58.6807393838386,
              -27.4563302574681
            ],
            [
              -58.6806955455212,
              -27.4561080782557
            ],
            [
              -58.6806517063492,
              -27.4558858990193
            ],
            [
              -58.6806078673446,
              -27.4556637188661
            ],
            [
              -58.6805640294973,
              -27.4554415396102
            ],
            [
              -58.6805201908061,
              -27.4552193594281
            ],
            [
              -58.6805023299066,
              -27.4551288373876
            ],
            [
              -58.6807080213295,
              -27.4549063934984
            ],
            [
              -58.680820510469,
              -27.4549036521607
            ],
            [
              -58.6810732652756,
              -27.4548974911458
            ],
            [
              -58.6815833621282,
              -27.4548850559633
            ],
            [
              -58.6814892302574,
              -27.4543728288437
            ],
            [
              -58.6814483250861,
              -27.4541502372337
            ],
            [
              -58.6814074200598,
              -27.4539276456105
            ],
            [
              -58.6813665151678,
              -27.4537050548763
            ],
            [
              -58.6813256104316,
              -27.4534824632267
            ],
            [
              -58.6812847058405,
              -27.4532598715641
            ],
            [
              -58.6812438013945,
              -27.4530372798882
            ],
            [
              -58.6812026812244,
              -27.452814569956
            ],
            [
              -58.6811619919154,
              -27.4525920973897
            ],
            [
              -58.6811210879045,
              -27.4523695056745
            ],
            [
              -58.6810390257309,
              -27.4519229374676
            ],
            [
              -58.6805216309946,
              -27.451914803391
            ],
            [
              -58.6802688276931,
              -27.4519108275687
            ],
            [
              -58.6800160244193,
              -27.4519068521902
            ],
            [
              -58.6797632221953,
              -27.4519028763631
            ],
            [
              -58.6795104189985,
              -27.451898900068
            ],
            [
              -58.6792576158402,
              -27.4518949233146
            ],
            [
              -58.6790048127204,
              -27.451890946103
            ],
            [
              -58.6787520096391,
              -27.4518869684331
            ],
            [
              -58.6784992065963,
              -27.4518829903048
            ],
            [
              -58.6781004862618,
              -27.4518767147835
            ]
          ]
        ]
      }
    },
    {
      "type": "Feature",
      "properties": {
        "id": 128,
        "nombre": "CLUB DE CAMPO BUENA VISTA I",
        "tipo": "CLUB DE CAMPO",
        "ordenanza": "S/D",
        "superficie_ha": "111.703.802.974.722"
      },
      "geometry": {
        "type": "Polygon",
        "coordinates": [
          [
            [
              -58.7406602056783,
              -27.4604378988679
            ],
            [
              -58.7394986862916,
              -27.4605949909522
            ],
            [
              -58.7393898646716,
              -27.460608852047
            ],
            [
              -58.7391398260977,
              -27.4606424979491
            ],
            [
              -58.7388897883915,
              -27.4606761443082
            ],
            [
              -58.7386397505522,
              -27.460709790213
            ],
            [
              -58.7382645932579,
              -27.4607602712953
            ],
            [
              -58.7381345728531,
              -27.4607777670958
            ],
            [
              -58.7378845346111,
              -27.4608114116284
            ],
            [
              -58.7376344952245,
              -27.4608450556975
            ],
            [
              -58.7373844567263,
              -27.4608786984192
            ],
            [
              -58.7369922926451,
              -27.4609314643571
            ],
            [
              -58.736646881148,
              -27.4609777264145
            ],
            [
              -58.7362882837607,
              -27.4610231977914
            ],
            [
              -58.7360381277712,
              -27.4610549175843
            ],
            [
              -58.7357876346244,
              -27.4610867173663
            ],
            [
              -58.7355374256617,
              -27.4611184050885
            ],
            [
              -58.7351617977027,
              -27.4611660330408
            ],
            [
              -58.7350427509639,
              -27.4611217697552
            ],
            [
              -58.7347895547708,
              -27.4611551995394
            ],
            [
              -58.7350093946343,
              -27.4624083937155
            ],
            [
              -58.7360379687519,
              -27.46245720527
            ],
            [
              -58.7361343188326,
              -27.4624113917502
            ],
            [
              -58.7366033620577,
              -27.4624353799787
            ],
            [
              -58.7369547947855,
              -27.4624538735552
            ],
            [
              -58.7373178452692,
              -27.4624748879346
            ],
            [
              -58.737673937154,
              -27.4624917906001
            ],
            [
              -58.7379042814815,
              -27.4625027236518
            ],
            [
              -58.7381346268718,
              -27.4625136572352
            ],
            [
              -58.7383338462626,
              -27.4625231119926
            ],
            [
              -58.7384678281955,
              -27.4625294716134
            ],
            [
              -58.7389558301178,
              -27.462552632331
            ],
            [
              -58.7393852923124,
              -27.4625730119953
            ],
            [
              -58.739513687928,
              -27.4625875507709
            ],
            [
              -58.7400045430742,
              -27.4626096247292
            ],
            [
              -58.7401385452326,
              -27.4626156508852
            ],
            [
              -58.7404375725067,
              -27.4626290977539
            ],
            [
              -58.7407364987927,
              -27.4626425385572
            ],
            [
              -58.7410354241668,
              -27.462655978712
            ],
            [
              -58.7409499750965,
              -27.4621508576867
            ],
            [
              -58.7409122439419,
              -27.4619278157556
            ],
            [
              -58.7408745129104,
              -27.4617047747146
            ],
            [
              -58.7408231998281,
              -27.4614014374439
            ],
            [
              -58.7408035799924,
              -27.4612854568125
            ],
            [
              -58.7406602056783,
              -27.4604378988679
            ]
          ]
        ]
      }
    },
    {
      "type": "Feature",
      "properties": {
        "id": 129,
        "nombre": "CLUB DE CAMPO DON MANUEL",
        "tipo": "CLUB DE CAMPO",
        "ordenanza": "S/D",
        "superficie_ha": "112.149.344.477.151"
      },
      "geometry": {
        "type": "Polygon",
        "coordinates": [
          [
            [
              -58.7133933182657,
              -27.4509855153027
            ],
            [
              -58.7134084504699,
              -27.4514365899414
            ],
            [
              -58.7137556515904,
              -27.4518242980761
            ],
            [
              -58.7137614907251,
              -27.4518357066455
            ],
            [
              -58.7138664970903,
              -27.4520408993377
            ],
            [
              -58.7139708738282,
              -27.4522448608067
            ],
            [
              -58.7140748741394,
              -27.4524480842471
            ],
            [
              -58.7141876098575,
              -27.4526683787212
            ],
            [
              -58.7143124022877,
              -27.4529122299807
            ],
            [
              -58.7144404293847,
              -27.4531624009808
            ],
            [
              -58.7145647184793,
              -27.4534052665707
            ],
            [
              -58.7146723743986,
              -27.4536156299053
            ],
            [
              -58.7147217285621,
              -27.4537120702024
            ],
            [
              -58.7147298574961,
              -27.4537796839036
            ],
            [
              -58.7147756592025,
              -27.4541606271496
            ],
            [
              -58.7126580846938,
              -27.4559317637485
            ],
            [
              -58.7127529493447,
              -27.4565115467619
            ],
            [
              -58.7127736457248,
              -27.4566380421758
            ],
            [
              -58.7140705360505,
              -27.4563620290904
            ],
            [
              -58.7149869103282,
              -27.4562166947388
            ],
            [
              -58.7149205771262,
              -27.4558339542806
            ],
            [
              -58.7159244151109,
              -27.4556955003312
            ],
            [
              -58.7155976132428,
              -27.4507235623036
            ],
            [
              -58.715522424605,
              -27.4507324993392
            ],
            [
              -58.7153682380925,
              -27.4507508254046
            ],
            [
              -58.7146964417453,
              -27.450830673347
            ],
            [
              -58.7145560901212,
              -27.4508473549295
            ],
            [
              -58.7138719667327,
              -27.450928663244
            ],
            [
              -58.7133933182657,
              -27.4509855153027
            ]
          ]
        ]
      }
    },
    {
      "type": "Feature",
      "properties": {
        "id": 131,
        "nombre": "CLUB DE CAMPO LAGUNA PUEBLO NUEVO",
        "tipo": "CLUB DE CAMPO",
        "ordenanza": "S/D",
        "superficie_ha": "117.081.552.683.911"
      },
      "geometry": {
        "type": "Polygon",
        "coordinates": [
          [
            [
              -58.724164851292,
              -27.463403363204
            ],
            [
              -58.7244807379566,
              -27.4652640615642
            ],
            [
              -58.7245014040979,
              -27.4653852399813
            ],
            [
              -58.7245444933207,
              -27.4656378936012
            ],
            [
              -58.725323899504,
              -27.4655286081006
            ],
            [
              -58.7255437323937,
              -27.4654977832615
            ],
            [
              -58.7257635641641,
              -27.4654669580616
            ],
            [
              -58.7259833958267,
              -27.4654361325103
            ],
            [
              -58.7262032283928,
              -27.4654053066168
            ],
            [
              -58.7264230598396,
              -27.4653744803626
            ],
            [
              -58.7266279026391,
              -27.4653457552741
            ],
            [
              -58.7268377421968,
              -27.4653163293738
            ],
            [
              -58.7270575733322,
              -27.4652855021052
            ],
            [
              -58.7276770974217,
              -27.4651986225516
            ],
            [
              -58.7279269061603,
              -27.4651635897355
            ],
            [
              -58.7282766363355,
              -27.465114543375
            ],
            [
              -58.7291682691436,
              -27.4649894955824
            ],
            [
              -58.7288637540707,
              -27.4631153081165
            ],
            [
              -58.7289211068076,
              -27.4627406558159
            ],
            [
              -58.7284432274519,
              -27.4628072970618
            ],
            [
              -58.7273350132207,
              -27.4629618324708
            ],
            [
              -58.7270368980118,
              -27.4630034019987
            ],
            [
              -58.7268019820235,
              -27.4630361576828
            ],
            [
              -58.7265817014433,
              -27.4630668722812
            ],
            [
              -58.7263365273644,
              -27.4631010582378
            ],
            [
              -58.7260727400923,
              -27.4631378390026
            ],
            [
              -58.7259883400085,
              -27.4631496069001
            ],
            [
              -58.7257530992686,
              -27.4631824065502
            ],
            [
              -58.7254122373583,
              -27.4632299317251
            ],
            [
              -58.7249638989929,
              -27.4632924416572
            ],
            [
              -58.7246922905611,
              -27.4633310229496
            ],
            [
              -58.7245602634001,
              -27.4633487078942
            ],
            [
              -58.7241883966661,
              -27.4634002236358
            ],
            [
              -58.724164851292,
              -27.463403363204
            ]
          ]
        ]
      }
    },
    {
      "type": "Feature",
      "properties": {
        "id": 134,
        "nombre": "LAGUNA SOTO SUR",
        "tipo": "CLUB DE CAMPO",
        "ordenanza": "S/D",
        "superficie_ha": "126.511.295.582.488"
      },
      "geometry": {
        "type": "Polygon",
        "coordinates": [
          [
            [
              -58.741488584236,
              -27.4648534720599
            ],
            [
              -58.7410271711499,
              -27.4648219497741
            ],
            [
              -58.7408254605692,
              -27.4648081695894
            ],
            [
              -58.7406035789106,
              -27.4647930102377
            ],
            [
              -58.7403816973277,
              -27.4647778505343
            ],
            [
              -58.7401598158203,
              -27.4647626904794
            ],
            [
              -58.7399379353999,
              -27.464747530082
            ],
            [
              -58.7397160540438,
              -27.4647323693237
            ],
            [
              -58.7394941727632,
              -27.4647172082139
            ],
            [
              -58.7392319493415,
              -27.4646992904117
            ],
            [
              -58.7390110985795,
              -27.4646837478644
            ],
            [
              -58.7388083592917,
              -27.4646703445509
            ],
            [
              -58.7386143602435,
              -27.4646570875804
            ],
            [
              -58.7384016577508,
              -27.4646425519663
            ],
            [
              -58.7378677656498,
              -27.4646060658336
            ],
            [
              -58.7376750525301,
              -27.4645928950075
            ],
            [
              -58.737554027206,
              -27.4645846236767
            ],
            [
              -58.7369647329177,
              -27.4645443474439
            ],
            [
              -58.7364754876888,
              -27.4645109082826
            ],
            [
              -58.7354048866267,
              -27.4644370371527
            ],
            [
              -58.7354607321765,
              -27.4651477757383
            ],
            [
              -58.7354713939131,
              -27.4652800675511
            ],
            [
              -58.7355150782161,
              -27.4658221433809
            ],
            [
              -58.7355296119524,
              -27.4660024912893
            ],
            [
              -58.7355442032494,
              -27.4661835597455
            ],
            [
              -58.7355586512521,
              -27.4663628286253
            ],
            [
              -58.7356014120519,
              -27.466893435055
            ],
            [
              -58.7356440497057,
              -27.4668893134732
            ],
            [
              -58.7362381805829,
              -27.4668318868351
            ],
            [
              -58.736492908485,
              -27.4668072651075
            ],
            [
              -58.7367692006499,
              -27.4667805584561
            ],
            [
              -58.7367985218336,
              -27.4667777295994
            ],
            [
              -58.7370423533697,
              -27.4667541656483
            ],
            [
              -58.737243525057,
              -27.466734719545
            ],
            [
              -58.737683407109,
              -27.4666921966914
            ],
            [
              -58.7382160544053,
              -27.4666407051712
            ],
            [
              -58.7383436620427,
              -27.4665214233234
            ],
            [
              -58.7385062463372,
              -27.4665027716454
            ],
            [
              -58.7388496623524,
              -27.4664633736462
            ],
            [
              -58.7391281654706,
              -27.4664314210245
            ],
            [
              -58.7393721575384,
              -27.4664034277586
            ],
            [
              -58.7396161494904,
              -27.4663754349629
            ],
            [
              -58.7398601413471,
              -27.4663474408332
            ],
            [
              -58.7401041320869,
              -27.4663194462624
            ],
            [
              -58.7403481237222,
              -27.4662914521711
            ],
            [
              -58.7405921152623,
              -27.4662634567456
            ],
            [
              -58.7408361066968,
              -27.4662354608883
            ],
            [
              -58.7410568217448,
              -27.4662101351756
            ],
            [
              -58.7416934861314,
              -27.4661370818841
            ],
            [
              -58.741488584236,
              -27.4648534720599
            ]
          ]
        ]
      }
    },
    {
      "type": "Feature",
      "properties": {
        "id": 135,
        "nombre": "CLUB DE CAMPO CHE GENTE CUERA",
        "tipo": "CLUB DE CAMPO",
        "ordenanza": "S/D",
        "superficie_ha": "866.207.882.097.223"
      },
      "geometry": {
        "type": "Polygon",
        "coordinates": [
          [
            [
              -58.7183418532234,
              -27.4558556666239
            ],
            [
              -58.7186975599597,
              -27.4573724638637
            ],
            [
              -58.719361277895,
              -27.4602375171706
            ],
            [
              -58.7193926101165,
              -27.4603791139697
            ],
            [
              -58.7194252288128,
              -27.4605124228315
            ],
            [
              -58.7194649142565,
              -27.4606891925713
            ],
            [
              -58.7195051916528,
              -27.4608652734573
            ],
            [
              -58.7195470346597,
              -27.4610403297051
            ],
            [
              -58.7195870808605,
              -27.4612188921337
            ],
            [
              -58.7196290994447,
              -27.4613963214536
            ],
            [
              -58.7196689705445,
              -27.4615725107623
            ],
            [
              -58.7197103044052,
              -27.461748259263
            ],
            [
              -58.7199803685417,
              -27.4629171800558
            ],
            [
              -58.7200192414064,
              -27.4630850383933
            ],
            [
              -58.7200581205043,
              -27.4632529231705
            ],
            [
              -58.7200969997092,
              -27.4634208079372
            ],
            [
              -58.7201358790215,
              -27.4635886926936
            ],
            [
              -58.7201747584956,
              -27.4637565776732
            ],
            [
              -58.7202136380341,
              -27.4639244624568
            ],
            [
              -58.7202525176689,
              -27.4640923471815
            ],
            [
              -58.7202913974113,
              -27.4642602318959
            ],
            [
              -58.7203302771733,
              -27.4644281162224
            ],
            [
              -58.7203691570321,
              -27.464596000491
            ],
            [
              -58.7204080372169,
              -27.4647638856924
            ],
            [
              -58.7204469173998,
              -27.4649317704111
            ],
            [
              -58.7204714818992,
              -27.4650378293453
            ],
            [
              -58.7205942629304,
              -27.465567991415
            ],
            [
              -58.7208074061272,
              -27.465578492219
            ],
            [
              -58.7210220243693,
              -27.4655890653625
            ],
            [
              -58.7212366426667,
              -27.4655996381762
            ],
            [
              -58.7214512610193,
              -27.4656102106607
            ],
            [
              -58.7213257465553,
              -27.4650911678826
            ],
            [
              -58.7207736236653,
              -27.4628079075312
            ],
            [
              -58.720728837107,
              -27.4626226924055
            ],
            [
              -58.7206413970789,
              -27.4622610818817
            ],
            [
              -58.7205966109256,
              -27.4620758667144
            ],
            [
              -58.7201146352813,
              -27.4600825978335
            ],
            [
              -58.7200570551818,
              -27.4598444638315
            ],
            [
              -58.7200165359883,
              -27.459676888038
            ],
            [
              -58.7199760169073,
              -27.4595093122336
            ],
            [
              -58.7199354979379,
              -27.4593417364171
            ],
            [
              -58.7197541600469,
              -27.4585917646912
            ],
            [
              -58.7197266288786,
              -27.4584779012927
            ],
            [
              -58.7194485264662,
              -27.4573277130894
            ],
            [
              -58.7194080089574,
              -27.4571601371233
            ],
            [
              -58.7193685578069,
              -27.4569969710395
            ],
            [
              -58.7193291067623,
              -27.456833804945
            ],
            [
              -58.7192896558271,
              -27.4566706388526
            ],
            [
              -58.7192502049956,
              -27.4565074727362
            ],
            [
              -58.719033995702,
              -27.4556132369266
            ],
            [
              -58.7183418532234,
              -27.4558556666239
            ]
          ]
        ]
      }
    },
    {
      "type": "Feature",
      "properties": {
        "id": 136,
        "nombre": "CLUB DE CAMPO LOS FRUTALES",
        "tipo": "CLUB DE CAMPO",
        "ordenanza": "S/D",
        "superficie_ha": "868.896.619.890.481"
      },
      "geometry": {
        "type": "Polygon",
        "coordinates": [
          [
            [
              -58.6869666870959,
              -27.4503357118144
            ],
            [
              -58.6871857558095,
              -27.451931614724
            ],
            [
              -58.6872041963069,
              -27.452065949248
            ],
            [
              -58.6872287830247,
              -27.4522450616345
            ],
            [
              -58.6872533708207,
              -27.4524241740244
            ],
            [
              -58.6872779576722,
              -27.4526032863987
            ],
            [
              -58.6873025445907,
              -27.452782398767
            ],
            [
              -58.6873271325874,
              -27.4529615111388
            ],
            [
              -58.6873517196397,
              -27.4531406234951
            ],
            [
              -58.6873763067589,
              -27.4533197358453
            ],
            [
              -58.6874008949563,
              -27.453498848199
            ],
            [
              -58.6874254821986,
              -27.4536779614393
            ],
            [
              -58.6874500695185,
              -27.4538570737714
            ],
            [
              -58.6874685105661,
              -27.4539914073446
            ],
            [
              -58.6874930990037,
              -27.4541705205778
            ],
            [
              -58.6875123985818,
              -27.4543111133859
            ],
            [
              -58.6875176865077,
              -27.4543496328933
            ],
            [
              -58.6875422740785,
              -27.4545287452027
            ],
            [
              -58.6875668627276,
              -27.4547078575156
            ],
            [
              -58.6875914504323,
              -27.454886969813
            ],
            [
              -58.6876160382038,
              -27.4550660821043
            ],
            [
              -58.6876406270537,
              -27.4552451943991
            ],
            [
              -58.6876476329876,
              -27.4552962314903
            ],
            [
              -58.6876652149591,
              -27.4554243066783
            ],
            [
              -58.6876898029314,
              -27.4556034189515
            ],
            [
              -58.6877459107792,
              -27.4560051484824
            ],
            [
              -58.6877635486999,
              -27.4561406138986
            ],
            [
              -58.6878197518764,
              -27.4565500182274
            ],
            [
              -58.6880677723897,
              -27.4565443991235
            ],
            [
              -58.688315791886,
              -27.4565387795675
            ],
            [
              -58.6885638123772,
              -27.4565331604805
            ],
            [
              -58.688811831862,
              -27.4565275400392
            ],
            [
              -58.688963798563,
              -27.4565240963834
            ],
            [
              -58.6888971600703,
              -27.4558805611763
            ],
            [
              -58.6888126058275,
              -27.4550640003618
            ],
            [
              -58.6883678582096,
              -27.4507688336237
            ],
            [
              -58.688306387253,
              -27.4501751500058
            ],
            [
              -58.6881557076966,
              -27.4501932099743
            ],
            [
              -58.6869666870959,
              -27.4503357118144
            ]
          ]
        ]
      }
    },
    {
      "type": "Feature",
      "properties": {
        "id": 137,
        "nombre": "CLUB DE CAMPO LOS AZAHARES S.A.",
        "tipo": "CLUB DE CAMPO",
        "ordenanza": "S/D",
        "superficie_ha": "147.457.869.577.736"
      },
      "geometry": {
        "type": "Polygon",
        "coordinates": [
          [
            [
              -58.7124251983849,
              -27.4570015997792
            ],
            [
              -58.712459428429,
              -27.4571297074353
            ],
            [
              -58.7143889910714,
              -27.4644873118536
            ],
            [
              -58.7144154163866,
              -27.4645879573548
            ],
            [
              -58.714609943775,
              -27.4646387045018
            ],
            [
              -58.7153982595049,
              -27.4648443523878
            ],
            [
              -58.7160334070769,
              -27.4650100395367
            ],
            [
              -58.7141691091217,
              -27.4566354833018
            ],
            [
              -58.7140952210334,
              -27.4566509811278
            ],
            [
              -58.7139772155377,
              -27.4566757323686
            ],
            [
              -58.7136887161026,
              -27.4567361681555
            ],
            [
              -58.71348735711,
              -27.4567783490861
            ],
            [
              -58.7133936437698,
              -27.456797980161
            ],
            [
              -58.7124251983849,
              -27.4570015997792
            ]
          ]
        ]
      }
    },
    {
      "type": "Feature",
      "properties": {
        "id": 93,
        "nombre": "SERANTES",
        "tipo": "BARRIOS POR ORDENANZA",
        "ordenanza": "578/72",
        "superficie_ha": "115.599.030.349.214"
      },
      "geometry": {
        "type": "Polygon",
        "coordinates": [
          [
            [
              -58.8092788883052,
              -27.4993622133371
            ],
            [
              -58.8072941719504,
              -27.4997449430008
            ],
            [
              -58.8056612162274,
              -27.4949489316992
            ],
            [
              -58.8050885098257,
              -27.493913516444
            ],
            [
              -58.8011849040099,
              -27.4957897011514
            ],
            [
              -58.8003133832421,
              -27.4962501406509
            ],
            [
              -58.8005114773163,
              -27.4966699024856
            ],
            [
              -58.800526816341,
              -27.496928958494
            ],
            [
              -58.8004014857341,
              -27.4971752342183
            ],
            [
              -58.7975861270997,
              -27.4987593093266
            ],
            [
              -58.7973526583503,
              -27.4981327803289
            ],
            [
              -58.7961806452261,
              -27.4987026610843
            ],
            [
              -58.794638651563,
              -27.4993079018501
            ],
            [
              -58.7949995883555,
              -27.500196111696
            ],
            [
              -58.7960541757276,
              -27.5014074903698
            ],
            [
              -58.796228562496,
              -27.5015711559564
            ],
            [
              -58.7963650204674,
              -27.5015647354794
            ],
            [
              -58.7975287866422,
              -27.5014151758051
            ],
            [
              -58.7976003303416,
              -27.5024140711098
            ],
            [
              -58.7976619537994,
              -27.5034960876628
            ],
            [
              -58.7977657998048,
              -27.5048364489684
            ],
            [
              -58.7984112836079,
              -27.504793885482
            ],
            [
              -58.802354778032,
              -27.5044668751155
            ],
            [
              -58.8027021610528,
              -27.5073033236437
            ],
            [
              -58.8027179958453,
              -27.5072941064712
            ],
            [
              -58.8040236654064,
              -27.5065523516336
            ],
            [
              -58.8050120256658,
              -27.505950397438
            ],
            [
              -58.8056580597768,
              -27.5054331385526
            ],
            [
              -58.805803283925,
              -27.5053499318514
            ],
            [
              -58.8061737807208,
              -27.5050796435452
            ],
            [
              -58.8063922665136,
              -27.504894514276
            ],
            [
              -58.8070769242712,
              -27.504349428656
            ],
            [
              -58.8080535859702,
              -27.503387590361
            ],
            [
              -58.8088243829982,
              -27.5025898730619
            ],
            [
              -58.809297325832,
              -27.50209700309
            ],
            [
              -58.8099207289948,
              -27.5012688610498
            ],
            [
              -58.8116513486232,
              -27.4990737847663
            ],
            [
              -58.8117817484012,
              -27.4988999588273
            ],
            [
              -58.8092788883052,
              -27.4993622133371
            ]
          ]
        ]
      }
    },
    {
      "type": "Feature",
      "properties": {
        "id": 138,
        "nombre": "GOLF CLUB CORRIENTES",
        "tipo": "CLUB DE CAMPO",
        "ordenanza": "S/D",
        "superficie_ha": "112.832.047.933.064"
      },
      "geometry": {
        "type": "Polygon",
        "coordinates": [
          [
            [
              -58.7268376584839,
              -27.4359974714159
            ],
            [
              -58.7299392938855,
              -27.4468136814285
            ],
            [
              -58.7299936629902,
              -27.4469874932251
            ],
            [
              -58.730048032255,
              -27.4471613050017
            ],
            [
              -58.7301024016791,
              -27.4473351167585
            ],
            [
              -58.7301567712631,
              -27.447508928496
            ],
            [
              -58.7302111410068,
              -27.4476827402135
            ],
            [
              -58.7302651783024,
              -27.4478566347193
            ],
            [
              -58.7303198809736,
              -27.4480303635896
            ],
            [
              -58.730374251197,
              -27.4482041752481
            ],
            [
              -58.7304286215798,
              -27.448377986887
            ],
            [
              -58.7304822351939,
              -27.4485511395669
            ],
            [
              -58.7305373628249,
              -27.4487256101057
            ],
            [
              -58.7305917336872,
              -27.4488994216858
            ],
            [
              -58.7306526638723,
              -27.4490942013342
            ],
            [
              -58.7306990968682,
              -27.4492426363891
            ],
            [
              -58.7307398753562,
              -27.4493729950319
            ],
            [
              -58.7305925939442,
              -27.4494101808966
            ],
            [
              -58.7306957713821,
              -27.4497615053401
            ],
            [
              -58.7307989947733,
              -27.4501129841063
            ],
            [
              -58.7309022187745,
              -27.4504644628009
            ],
            [
              -58.7299884455637,
              -27.450580239438
            ],
            [
              -58.7300453309617,
              -27.4509375721575
            ],
            [
              -58.7303958335427,
              -27.4508931699454
            ],
            [
              -58.7307462992133,
              -27.4508487714866
            ],
            [
              -58.7308444530545,
              -27.4514603927239
            ],
            [
              -58.7311849280115,
              -27.451427079401
            ],
            [
              -58.731470088042,
              -27.4514248220065
            ],
            [
              -58.7316044900206,
              -27.4514097343168
            ],
            [
              -58.7317397967577,
              -27.4513940699528
            ],
            [
              -58.731873419361,
              -27.4513795444583
            ],
            [
              -58.7320078839843,
              -27.4513644493327
            ],
            [
              -58.7321423485764,
              -27.4513493540757
            ],
            [
              -58.7322768131377,
              -27.4513342586876
            ],
            [
              -58.7324112776674,
              -27.4513191631684
            ],
            [
              -58.7324734925888,
              -27.4513121786301
            ],
            [
              -58.7325449776197,
              -27.4512997992527
            ],
            [
              -58.7326780191669,
              -27.451276759757
            ],
            [
              -58.732811060664,
              -27.451253720132
            ],
            [
              -58.732944102111,
              -27.4512306803779
            ],
            [
              -58.7330771435079,
              -27.451207640495
            ],
            [
              -58.7332101848547,
              -27.4511846004831
            ],
            [
              -58.7333432261513,
              -27.4511615603419
            ],
            [
              -58.7334762673979,
              -27.4511385200716
            ],
            [
              -58.7336093085944,
              -27.4511154796726
            ],
            [
              -58.7342995080508,
              -27.4510069202179
            ],
            [
              -58.7344325489504,
              -27.4509838790206
            ],
            [
              -58.7345655898,
              -27.4509608376942
            ],
            [
              -58.7346986305994,
              -27.4509377962391
            ],
            [
              -58.7348316713487,
              -27.4509147546549
            ],
            [
              -58.7349647120478,
              -27.4508917129414
            ],
            [
              -58.7350977526968,
              -27.4508686710989
            ],
            [
              -58.7352307932958,
              -27.4508456291276
            ],
            [
              -58.7353638338446,
              -27.450822587027
            ],
            [
              -58.7356299147918,
              -27.450776502439
            ],
            [
              -58.7357629551902,
              -27.4507534599515
            ],
            [
              -58.7358959955385,
              -27.4507304173348
            ],
            [
              -58.7359584715036,
              -27.4507195964368
            ],
            [
              -58.7368710727087,
              -27.450576530415
            ],
            [
              -58.7352271829809,
              -27.44171372478
            ],
            [
              -58.7349590518572,
              -27.4402680111733
            ],
            [
              -58.734601304753,
              -27.4383791955184
            ],
            [
              -58.7345547013508,
              -27.4381399821888
            ],
            [
              -58.734197098472,
              -27.4363043902066
            ],
            [
              -58.7326852040189,
              -27.4351558527101
            ],
            [
              -58.7268376584839,
              -27.4359974714159
            ]
          ]
        ]
      }
    },
    {
      "type": "Feature",
      "properties": {
        "id": 1,
        "nombre": "17 DE agosto",
        "tipo": "BARRIOS POR ORDENANZA",
        "ordenanza": "1611/85",
        "superficie_ha": "15.718.404.549.062"
      },
      "geometry": {
        "type": "Polygon",
        "coordinates": [
          [
            [
              -58.7825143499315,
              -27.4841155731558
            ],
            [
              -58.7818455594838,
              -27.4855166061587
            ],
            [
              -58.7814540404858,
              -27.4862327662099
            ],
            [
              -58.7806391345108,
              -27.4882017539177
            ],
            [
              -58.7796979671702,
              -27.4903510471502
            ],
            [
              -58.77913395402,
              -27.4916014194498
            ],
            [
              -58.7782972893802,
              -27.4936785632219
            ],
            [
              -58.7772476410762,
              -27.4961674236729
            ],
            [
              -58.7790883583594,
              -27.4959162855018
            ],
            [
              -58.7810042179952,
              -27.4956458506759
            ],
            [
              -58.7816454823634,
              -27.4955541598038
            ],
            [
              -58.7818549797677,
              -27.4955257441783
            ],
            [
              -58.7820352126455,
              -27.4955012976433
            ],
            [
              -58.7821617891021,
              -27.4961847284965
            ],
            [
              -58.784584078773,
              -27.495889366372
            ],
            [
              -58.7888117794203,
              -27.4953163512526
            ],
            [
              -58.789179088001,
              -27.4952752403271
            ],
            [
              -58.7902037160264,
              -27.4951106405624
            ],
            [
              -58.7899489433263,
              -27.4912781589275
            ],
            [
              -58.7927152170239,
              -27.4905380104525
            ],
            [
              -58.7925218708394,
              -27.4885385857804
            ],
            [
              -58.7925162768571,
              -27.4884807366288
            ],
            [
              -58.7924166502578,
              -27.4874142471773
            ],
            [
              -58.7923466298395,
              -27.4866646781885
            ],
            [
              -58.7931595689772,
              -27.4865276336486
            ],
            [
              -58.7940140709768,
              -27.4863644655345
            ],
            [
              -58.7941344131945,
              -27.4862908816544
            ],
            [
              -58.7942148347784,
              -27.4862240591111
            ],
            [
              -58.7942795899688,
              -27.4861322252646
            ],
            [
              -58.7942924330385,
              -27.4860506026235
            ],
            [
              -58.7942041250468,
              -27.4853781981111
            ],
            [
              -58.7940976806753,
              -27.4836129991746
            ],
            [
              -58.7939210065394,
              -27.4829102236606
            ],
            [
              -58.7937227404456,
              -27.4829682068468
            ],
            [
              -58.7932271518108,
              -27.4831060569196
            ],
            [
              -58.7924846510556,
              -27.483322300974
            ],
            [
              -58.7924308961769,
              -27.4833379562209
            ],
            [
              -58.7917225536473,
              -27.483546449274
            ],
            [
              -58.7913678561352,
              -27.4836258143243
            ],
            [
              -58.7909542073427,
              -27.4837032449316
            ],
            [
              -58.7903060533211,
              -27.4837999582447
            ],
            [
              -58.7896168664658,
              -27.483859353776
            ],
            [
              -58.7882840399382,
              -27.483944807353
            ],
            [
              -58.7882308492198,
              -27.4839482173838
            ],
            [
              -58.7874412429037,
              -27.484008149244
            ],
            [
              -58.7870972347323,
              -27.4840305084212
            ],
            [
              -58.7870169796428,
              -27.4840357245621
            ],
            [
              -58.786398837929,
              -27.4840804134103
            ],
            [
              -58.7863502264888,
              -27.484083927679
            ],
            [
              -58.7857935776273,
              -27.4841202950303
            ],
            [
              -58.7843996027529,
              -27.4842076294353
            ],
            [
              -58.7840142982685,
              -27.4842041909153
            ],
            [
              -58.7835499787875,
              -27.4841400492302
            ],
            [
              -58.7833351686371,
              -27.4840090650004
            ],
            [
              -58.7830774694618,
              -27.4837943620068
            ],
            [
              -58.7829193471782,
              -27.4835336247197
            ],
            [
              -58.7828818336672,
              -27.4832849783314
            ],
            [
              -58.7825143499315,
              -27.4841155731558
            ]
          ]
        ]
      }
    },
    {
      "type": "Feature",
      "properties": {
        "id": 20,
        "nombre": "CIUDAD DE ESTEPA",
        "tipo": "BARRIOS POR ORDENANZA",
        "ordenanza": "1768/88",
        "superficie_ha": "295.944.446.477.034"
      },
      "geometry": {
        "type": "Polygon",
        "coordinates": [
          [
            [
              -58.8296950269772,
              -27.4917865506381
            ],
            [
              -58.8300929956109,
              -27.4939817375378
            ],
            [
              -58.830579476753,
              -27.4966464093626
            ],
            [
              -58.8308214224312,
              -27.497864979103
            ],
            [
              -58.8308296611508,
              -27.4979097531796
            ],
            [
              -58.8308741714573,
              -27.4982380096805
            ],
            [
              -58.8309587062502,
              -27.4986409474985
            ],
            [
              -58.8313855755464,
              -27.4985780233513
            ],
            [
              -58.8330357039158,
              -27.4983722084154
            ],
            [
              -58.8344249218791,
              -27.4982128340797
            ],
            [
              -58.8341474055702,
              -27.4967501288709
            ],
            [
              -58.8340146043343,
              -27.4960074801964
            ],
            [
              -58.8337061643538,
              -27.4942825927552
            ],
            [
              -58.8335750842335,
              -27.4935340919774
            ],
            [
              -58.8330267021792,
              -27.4904907067918
            ],
            [
              -58.8311918822937,
              -27.4907165336408
            ],
            [
              -58.8296950269772,
              -27.4917865506381
            ]
          ]
        ]
      }
    },
    {
      "type": "Feature",
      "properties": {
        "id": 2,
        "nombre": "3 DE abril",
        "tipo": "BARRIOS POR ORDENANZA",
        "ordenanza": "578/72",
        "superficie_ha": "111.521.732.293.385"
      },
      "geometry": {
        "type": "Polygon",
        "coordinates": [
          [
            [
              -58.8395282601901,
              -27.5006751610886
            ],
            [
              -58.8394764738553,
              -27.5006811256924
            ],
            [
              -58.839156385989,
              -27.5007179920641
            ],
            [
              -58.8379414085687,
              -27.5008300622787
            ],
            [
              -58.8365053170255,
              -27.5010369327134
            ],
            [
              -58.8357490170414,
              -27.5011205354475
            ],
            [
              -58.8357382088549,
              -27.5010461926406
            ],
            [
              -58.8317201716037,
              -27.5015585893514
            ],
            [
              -58.8312116491467,
              -27.5016443323885
            ],
            [
              -58.8312079501139,
              -27.5017214562693
            ],
            [
              -58.8314151803688,
              -27.5031274171466
            ],
            [
              -58.8313852539629,
              -27.5032300390281
            ],
            [
              -58.8317629636391,
              -27.5056995973392
            ],
            [
              -58.8317696481943,
              -27.5077705440166
            ],
            [
              -58.8314388579098,
              -27.5096204842931
            ],
            [
              -58.8313677379515,
              -27.5100521861116
            ],
            [
              -58.8315959201952,
              -27.5100723708104
            ],
            [
              -58.834434269422,
              -27.5103638435414
            ],
            [
              -58.8388619440949,
              -27.5108511240799
            ],
            [
              -58.8392479017572,
              -27.5109034253733
            ],
            [
              -58.8394349907629,
              -27.5106466276133
            ],
            [
              -58.8395157348296,
              -27.5104828910768
            ],
            [
              -58.8396759901153,
              -27.5102728434222
            ],
            [
              -58.8398894164953,
              -27.5100162646774
            ],
            [
              -58.8400630864231,
              -27.5097828412335
            ],
            [
              -58.8402509104569,
              -27.509455586842
            ],
            [
              -58.8403582379645,
              -27.5092685841965
            ],
            [
              -58.8404386102268,
              -27.5091400747117
            ],
            [
              -58.8405847072836,
              -27.5090238565935
            ],
            [
              -58.8408647155014,
              -27.5086973695888
            ],
            [
              -58.8410248425064,
              -27.5084990627356
            ],
            [
              -58.8411847228492,
              -27.5083242408123
            ],
            [
              -58.8414913125076,
              -27.5079744866766
            ],
            [
              -58.8418186996402,
              -27.5075250843916
            ],
            [
              -58.8420185773661,
              -27.5073036200387
            ],
            [
              -58.8422712547916,
              -27.5070708512071
            ],
            [
              -58.8423783306586,
              -27.5069073319151
            ],
            [
              -58.8425778374773,
              -27.5067210944014
            ],
            [
              -58.8427503906283,
              -27.5065933503614
            ],
            [
              -58.8428839268059,
              -27.5064183071589
            ],
            [
              -58.8430442924856,
              -27.5061965125438
            ],
            [
              -58.8432319785384,
              -27.5058809960823
            ],
            [
              -58.8434189267594,
              -27.5056359348162
            ],
            [
              -58.8434462475111,
              -27.5055422131268
            ],
            [
              -58.8436527643085,
              -27.5053149296023
            ],
            [
              -58.8437327615023,
              -27.5052216456892
            ],
            [
              -58.8438251290619,
              -27.505012512662
            ],
            [
              -58.843450600365,
              -27.5048266348295
            ],
            [
              -58.8435372609578,
              -27.5045809828118
            ],
            [
              -58.8435882208479,
              -27.5043028984308
            ],
            [
              -58.843625992683,
              -27.5041371787832
            ],
            [
              -58.843610438057,
              -27.5039013888673
            ],
            [
              -58.8435708034779,
              -27.503670754707
            ],
            [
              -58.8435278095882,
              -27.5034798428092
            ],
            [
              -58.8435205053376,
              -27.50348341487
            ],
            [
              -58.8434454652407,
              -27.5033071167702
            ],
            [
              -58.8433585986738,
              -27.5031706529593
            ],
            [
              -58.8433083664526,
              -27.5030917400281
            ],
            [
              -58.8430894975287,
              -27.5028842526826
            ],
            [
              -58.8428366375774,
              -27.5027107601996
            ],
            [
              -58.8424876833973,
              -27.502536467804
            ],
            [
              -58.8421404206006,
              -27.5023601911389
            ],
            [
              -58.8419921794737,
              -27.5022767610166
            ],
            [
              -58.8421479894244,
              -27.5018960866536
            ],
            [
              -58.8422462365589,
              -27.5015753715553
            ],
            [
              -58.8422690271911,
              -27.5013906232017
            ],
            [
              -58.842249398872,
              -27.5012732054678
            ],
            [
              -58.8422091147114,
              -27.5012366071519
            ],
            [
              -58.8421414975115,
              -27.501179609723
            ],
            [
              -58.8415932778702,
              -27.500757643331
            ],
            [
              -58.8415370325001,
              -27.5006919014635
            ],
            [
              -58.8414972527644,
              -27.5003482796755
            ],
            [
              -58.8399787383408,
              -27.5006066506567
            ],
            [
              -58.839764871934,
              -27.5006391764676
            ],
            [
              -58.8395282601901,
              -27.5006751610886
            ]
          ]
        ]
      }
    },
    {
      "type": "Feature",
      "properties": {
        "id": 3,
        "nombre": "9 DE julio",
        "tipo": "BARRIOS POR ORDENANZA",
        "ordenanza": "1611/85",
        "superficie_ha": "113.822.077.891.742"
      },
      "geometry": {
        "type": "Polygon",
        "coordinates": [
          [
            [
              -58.8022479190509,
              -27.487192975157
            ],
            [
              -58.7994273583071,
              -27.4875675638672
            ],
            [
              -58.7990745957362,
              -27.4876007831788
            ],
            [
              -58.7953230914556,
              -27.4880784578256
            ],
            [
              -58.7962482113171,
              -27.4940648420056
            ],
            [
              -58.7948061015337,
              -27.4944910587557
            ],
            [
              -58.7934974030763,
              -27.4949265499921
            ],
            [
              -58.7934271120663,
              -27.4960952897389
            ],
            [
              -58.7937307285289,
              -27.4969467245839
            ],
            [
              -58.7941581998828,
              -27.4980149499319
            ],
            [
              -58.794638651563,
              -27.4993079018501
            ],
            [
              -58.7961806452261,
              -27.4987026610843
            ],
            [
              -58.7973526583503,
              -27.4981327803289
            ],
            [
              -58.8003133832421,
              -27.4962501406509
            ],
            [
              -58.8011849040099,
              -27.4957897011514
            ],
            [
              -58.8050885098257,
              -27.493913516444
            ],
            [
              -58.8058221624102,
              -27.4935533185046
            ],
            [
              -58.8076661796204,
              -27.4931925578498
            ],
            [
              -58.807403592864,
              -27.4918857445604
            ],
            [
              -58.8085137015156,
              -27.4917093355777
            ],
            [
              -58.8083557723213,
              -27.4909132455996
            ],
            [
              -58.8074884471395,
              -27.4865090924755
            ],
            [
              -58.8072310785192,
              -27.4864947994059
            ],
            [
              -58.8022479190509,
              -27.487192975157
            ]
          ],
          [
            [
              -58.7995965720566,
              -27.4913964694752
            ],
            [
              -58.7997452874952,
              -27.4900575424829
            ],
            [
              -58.7997931514834,
              -27.4895843487256
            ],
            [
              -58.7998876275557,
              -27.4892008655882
            ],
            [
              -58.8017213027391,
              -27.488311357675
            ],
            [
              -58.8032433448847,
              -27.4908853283431
            ],
            [
              -58.801779944128,
              -27.4915595823131
            ],
            [
              -58.8011207408473,
              -27.4915103389669
            ],
            [
              -58.7995965720566,
              -27.4913964694752
            ]
          ]
        ]
      }
    },
    {
      "type": "Feature",
      "properties": {
        "id": 5,
        "nombre": "ALTA GRACIA",
        "tipo": "BARRIOS POR ORDENANZA",
        "ordenanza": "2608/94",
        "superficie_ha": "412.434.794.844.079"
      },
      "geometry": {
        "type": "Polygon",
        "coordinates": [
          [
            [
              -58.8264813112309,
              -27.5095623432352
            ],
            [
              -58.826183902597,
              -27.5022917720567
            ],
            [
              -58.8256474629272,
              -27.499344227262
            ],
            [
              -58.8244735908129,
              -27.4995486040006
            ],
            [
              -58.8240442884264,
              -27.4998348012649
            ],
            [
              -58.8220176182738,
              -27.5012290323126
            ],
            [
              -58.8218200327972,
              -27.501167923154
            ],
            [
              -58.8220952042726,
              -27.5021649170805
            ],
            [
              -58.8222124318636,
              -27.502698963583
            ],
            [
              -58.8222656797731,
              -27.5037991976393
            ],
            [
              -58.8222656899136,
              -27.5037992591578
            ],
            [
              -58.8223923208895,
              -27.5062686774789
            ],
            [
              -58.8221490225983,
              -27.5090974198586
            ],
            [
              -58.8241246041892,
              -27.5092975232114
            ],
            [
              -58.8264813112309,
              -27.5095623432352
            ]
          ]
        ]
      }
    },
    {
      "type": "Feature",
      "properties": {
        "id": 7,
        "nombre": "ANTARTIDA ARGENTINA",
        "tipo": "BARRIOS POR ORDENANZA",
        "ordenanza": "578/72",
        "superficie_ha": "381.357.616.190.356"
      },
      "geometry": {
        "type": "Polygon",
        "coordinates": [
          [
            [
              -58.8098397310783,
              -27.4791322758996
            ],
            [
              -58.8147404900519,
              -27.4785216844082
            ],
            [
              -58.8127280968141,
              -27.4712093918968
            ],
            [
              -58.8082981989644,
              -27.472256971131
            ],
            [
              -58.8085953175277,
              -27.4735630933946
            ],
            [
              -58.8098397310783,
              -27.4791322758996
            ]
          ]
        ]
      }
    },
    {
      "type": "Feature",
      "properties": {
        "id": 9,
        "nombre": "ARAZATI",
        "tipo": "BARRIOS POR ORDENANZA",
        "ordenanza": "578/72",
        "superficie_ha": "583.573.089.423.367"
      },
      "geometry": {
        "type": "Polygon",
        "coordinates": [
          [
            [
              -58.856202693125,
              -27.4733725941693
            ],
            [
              -58.856138713268,
              -27.4733843944608
            ],
            [
              -58.8556110580105,
              -27.473363312605
            ],
            [
              -58.8500241423421,
              -27.4741228739629
            ],
            [
              -58.849486905928,
              -27.474168575275
            ],
            [
              -58.849689307757,
              -27.475391188407
            ],
            [
              -58.849820851831,
              -27.4765575350424
            ],
            [
              -58.8504521303489,
              -27.4812842258512
            ],
            [
              -58.8505663450992,
              -27.4820321919549
            ],
            [
              -58.8507620143195,
              -27.4816189518961
            ],
            [
              -58.8510002365255,
              -27.4812533435226
            ],
            [
              -58.8512899295095,
              -27.4809154131514
            ],
            [
              -58.8516308356441,
              -27.4808031923227
            ],
            [
              -58.8524446687082,
              -27.4808277029481
            ],
            [
              -58.8525457279138,
              -27.4810012629667
            ],
            [
              -58.8526565909922,
              -27.4812811988434
            ],
            [
              -58.8527138608619,
              -27.4814221436416
            ],
            [
              -58.8527582816542,
              -27.4815314657898
            ],
            [
              -58.8528670338061,
              -27.4815577277108
            ],
            [
              -58.8530335784528,
              -27.481541495077
            ],
            [
              -58.8531469874028,
              -27.4815304413114
            ],
            [
              -58.8533072703055,
              -27.4815561342486
            ],
            [
              -58.8533694068616,
              -27.4815660945263
            ],
            [
              -58.853500900415,
              -27.4816276097581
            ],
            [
              -58.853553382953,
              -27.481652162053
            ],
            [
              -58.8536822077031,
              -27.4817533994686
            ],
            [
              -58.8537273545818,
              -27.4817888782426
            ],
            [
              -58.8538680167748,
              -27.4819380027777
            ],
            [
              -58.8541127363153,
              -27.4821091218801
            ],
            [
              -58.854272752388,
              -27.482220356879
            ],
            [
              -58.8544292536547,
              -27.4822131897609
            ],
            [
              -58.854614307383,
              -27.4822190572692
            ],
            [
              -58.8547893919136,
              -27.4822246084567
            ],
            [
              -58.855077646225,
              -27.4823115319142
            ],
            [
              -58.8553485587655,
              -27.4822418906683
            ],
            [
              -58.8555820331295,
              -27.4821254373904
            ],
            [
              -58.8557634128438,
              -27.4820043278702
            ],
            [
              -58.8558867788215,
              -27.4819926591055
            ],
            [
              -58.8560190128998,
              -27.4820402496408
            ],
            [
              -58.8561887288559,
              -27.4821304241509
            ],
            [
              -58.8563822826928,
              -27.4820775049341
            ],
            [
              -58.8565923113171,
              -27.482066098197
            ],
            [
              -58.8567576808396,
              -27.4821181878339
            ],
            [
              -58.8567503289552,
              -27.4815856798171
            ],
            [
              -58.8568682371125,
              -27.4809260840761
            ],
            [
              -58.8568538139934,
              -27.4805296271437
            ],
            [
              -58.8568699755846,
              -27.4798609386202
            ],
            [
              -58.8568761125219,
              -27.4792664811901
            ],
            [
              -58.8568278996256,
              -27.4785559786371
            ],
            [
              -58.8567325493434,
              -27.4779276594474
            ],
            [
              -58.8566898440585,
              -27.4775805124131
            ],
            [
              -58.8564535085855,
              -27.4771574614227
            ],
            [
              -58.856470438605,
              -27.4764144654854
            ],
            [
              -58.8564759800266,
              -27.4758778023392
            ],
            [
              -58.8564650535422,
              -27.475142834508
            ],
            [
              -58.8563793906002,
              -27.4744733091715
            ],
            [
              -58.8563727389852,
              -27.4740141512041
            ],
            [
              -58.8562914929777,
              -27.4735949175692
            ],
            [
              -58.856202693125,
              -27.4733725941693
            ]
          ]
        ]
      }
    },
    {
      "type": "Feature",
      "properties": {
        "id": 11,
        "nombre": "BANCARIO",
        "tipo": "BARRIOS POR ORDENANZA",
        "ordenanza": "534/71",
        "superficie_ha": "413.312.730.622.012"
      },
      "geometry": {
        "type": "Polygon",
        "coordinates": [
          [
            [
              -58.8340117902657,
              -27.4869665048156
            ],
            [
              -58.8344019526959,
              -27.485838962904
            ],
            [
              -58.8344202829497,
              -27.4857587387268
            ],
            [
              -58.8340845091769,
              -27.4857244983474
            ],
            [
              -58.8324945450975,
              -27.4852599498852
            ],
            [
              -58.8310988216389,
              -27.4848180505083
            ],
            [
              -58.8311847753014,
              -27.4854636642453
            ],
            [
              -58.8312068788884,
              -27.4860555403378
            ],
            [
              -58.8328027890772,
              -27.4865754193011
            ],
            [
              -58.8340117902657,
              -27.4869665048156
            ]
          ]
        ]
      }
    },
    {
      "type": "Feature",
      "properties": {
        "id": 12,
        "nombre": "BAÑADO NORTE",
        "tipo": "BARRIOS POR ORDENANZA",
        "ordenanza": "578/72",
        "superficie_ha": "65.615.617.886.669"
      },
      "geometry": {
        "type": "Polygon",
        "coordinates": [
          [
            [
              -58.8118654079798,
              -27.4605676726867
            ],
            [
              -58.8123187823824,
              -27.4637627333571
            ],
            [
              -58.8125256904177,
              -27.4649995059995
            ],
            [
              -58.8153760680892,
              -27.4645725120691
            ],
            [
              -58.8166745491248,
              -27.464475535036
            ],
            [
              -58.8179811833948,
              -27.4644249081261
            ],
            [
              -58.8218990420359,
              -27.4643171176447
            ],
            [
              -58.8217577512382,
              -27.463140574636
            ],
            [
              -58.8216088660712,
              -27.4596562715624
            ],
            [
              -58.8203864227865,
              -27.4597749244373
            ],
            [
              -58.8201133185301,
              -27.4575172952496
            ],
            [
              -58.8188216888561,
              -27.4576237935735
            ],
            [
              -58.8186563955856,
              -27.4562822509171
            ],
            [
              -58.818547467367,
              -27.4562636271764
            ],
            [
              -58.8184941760464,
              -27.456234485032
            ],
            [
              -58.8183762624179,
              -27.4562334847348
            ],
            [
              -58.8182797876355,
              -27.4562326662356
            ],
            [
              -58.8181612622474,
              -27.4562890407425
            ],
            [
              -58.8180532522287,
              -27.4563646311046
            ],
            [
              -58.817837639716,
              -27.4564775615765
            ],
            [
              -58.8176552051963,
              -27.4564951397402
            ],
            [
              -58.8174398981197,
              -27.4565793820891
            ],
            [
              -58.8171383248077,
              -27.45671070829
            ],
            [
              -58.816945272434,
              -27.4567186319767
            ],
            [
              -58.8167515054445,
              -27.456793492839
            ],
            [
              -58.8165581466125,
              -27.4568301034577
            ],
            [
              -58.8164392113033,
              -27.4569247264095
            ],
            [
              -58.8163967418517,
              -27.4568861120733
            ],
            [
              -58.8163013899428,
              -27.4567801047914
            ],
            [
              -58.8162504645536,
              -27.456733801931
            ],
            [
              -58.8159223720024,
              -27.4568252557205
            ],
            [
              -58.8158604616292,
              -27.4569102437607
            ],
            [
              -58.8157844035991,
              -27.4570052306703
            ],
            [
              -58.8157189627548,
              -27.4571098711692
            ],
            [
              -58.8157281496154,
              -27.457253399635
            ],
            [
              -58.8157058931734,
              -27.4573297172396
            ],
            [
              -58.81571528438,
              -27.457454120727
            ],
            [
              -58.8157896058769,
              -27.4575216961645
            ],
            [
              -58.8158519819188,
              -27.4577039302783
            ],
            [
              -58.8157645906959,
              -27.4578562009321
            ],
            [
              -58.815709357972,
              -27.4580087449777
            ],
            [
              -58.815718953571,
              -27.4581140234818
            ],
            [
              -58.8155784747575,
              -27.4582180257972
            ],
            [
              -58.8154587194763,
              -27.458389147703
            ],
            [
              -58.8153184445033,
              -27.4584740247637
            ],
            [
              -58.8151988929924,
              -27.4586260214501
            ],
            [
              -58.8151550943506,
              -27.4587117190285
            ],
            [
              -58.8151757158049,
              -27.4587884012896
            ],
            [
              -58.814981535053,
              -27.4589015094473
            ],
            [
              -58.8147660168265,
              -27.4590048723855
            ],
            [
              -58.814452793525,
              -27.4592221635171
            ],
            [
              -58.8142146070059,
              -27.4594400928136
            ],
            [
              -58.8139340523169,
              -27.4596098441095
            ],
            [
              -58.8135673293274,
              -27.4598171141704
            ],
            [
              -58.8133085194384,
              -27.4599583593503
            ],
            [
              -58.8131680360521,
              -27.4600623590611
            ],
            [
              -58.8130702266884,
              -27.4601858490199
            ],
            [
              -58.8129292306371,
              -27.4603376608401
            ],
            [
              -58.8127352498348,
              -27.4604316407355
            ],
            [
              -58.8123498493087,
              -27.4603805378902
            ],
            [
              -58.8120500025013,
              -27.4603492904768
            ],
            [
              -58.8118654079798,
              -27.4605676726867
            ]
          ]
        ]
      }
    },
    {
      "type": "Feature",
      "properties": {
        "id": 94,
        "nombre": "SOR MARIA ASSUNTA PITTARO",
        "tipo": "BARRIOS POR ORDENANZA",
        "ordenanza": "4107/05",
        "superficie_ha": "69.623.307.252.095"
      },
      "geometry": {
        "type": "Polygon",
        "coordinates": [
          [
            [
              -58.7883314746125,
              -27.4444080087699
            ],
            [
              -58.7855175266349,
              -27.444507704754
            ],
            [
              -58.7851182631101,
              -27.4456350888351
            ],
            [
              -58.783462918601,
              -27.4451267909107
            ],
            [
              -58.7821883733587,
              -27.4481327610856
            ],
            [
              -58.7804268316647,
              -27.4528450135029
            ],
            [
              -58.7800249662223,
              -27.4539199697478
            ],
            [
              -58.781819405878,
              -27.4544589927274
            ],
            [
              -58.782608496195,
              -27.4547136549687
            ],
            [
              -58.7837229419896,
              -27.4550625518507
            ],
            [
              -58.783728869581,
              -27.4550643676065
            ],
            [
              -58.7848129504632,
              -27.4553487631266
            ],
            [
              -58.7851932762093,
              -27.4548877637262
            ],
            [
              -58.7862334315954,
              -27.4533733180931
            ],
            [
              -58.7890681656965,
              -27.4495115625008
            ],
            [
              -58.7893777418433,
              -27.4491272805817
            ],
            [
              -58.7883314746125,
              -27.4444080087699
            ]
          ]
        ]
      }
    },
    {
      "type": "Feature",
      "properties": {
        "id": 96,
        "nombre": "TAMBOR DE TACUARI",
        "tipo": "BARRIOS POR ORDENANZA",
        "ordenanza": "1189/82",
        "superficie_ha": "207.831.527.686.776"
      },
      "geometry": {
        "type": "Polygon",
        "coordinates": [
          [
            [
              -58.8163571049438,
              -27.4804927515807
            ],
            [
              -58.8151344472644,
              -27.4806208161599
            ],
            [
              -58.8153930678034,
              -27.4820950151644
            ],
            [
              -58.8166044163745,
              -27.4819769912298
            ],
            [
              -58.8178402940186,
              -27.4818533255446
            ],
            [
              -58.8176114160217,
              -27.4803613600089
            ],
            [
              -58.8163571049438,
              -27.4804927515807
            ]
          ]
        ]
      }
    },
    {
      "type": "Feature",
      "properties": {
        "id": 16,
        "nombre": "CAMBA CUA",
        "tipo": "BARRIOS POR ORDENANZA",
        "ordenanza": "578/72",
        "superficie_ha": "112.587.784.238.675"
      },
      "geometry": {
        "type": "Polygon",
        "coordinates": [
          [
            [
              -58.8500241423421,
              -27.4741228739629
            ],
            [
              -58.8556110580105,
              -27.473363312605
            ],
            [
              -58.856138713268,
              -27.4733843944608
            ],
            [
              -58.856202693125,
              -27.4733725941693
            ],
            [
              -58.8559845759802,
              -27.4718511096658
            ],
            [
              -58.8558277493695,
              -27.4717330183516
            ],
            [
              -58.8556414953687,
              -27.4715791729785
            ],
            [
              -58.8555153197247,
              -27.4713953582971
            ],
            [
              -58.8554489074892,
              -27.4712120348033
            ],
            [
              -58.8554074786358,
              -27.4710898425194
            ],
            [
              -58.8553309553532,
              -27.4710587504907
            ],
            [
              -58.8552882675588,
              -27.4710583995348
            ],
            [
              -58.8552127674388,
              -27.4709283113395
            ],
            [
              -58.8551537916414,
              -27.4708516691014
            ],
            [
              -58.8550863570964,
              -27.4707673415513
            ],
            [
              -58.8549861106884,
              -27.4705532766956
            ],
            [
              -58.8549698621637,
              -27.4704731778858
            ],
            [
              -58.8549535743023,
              -27.4703968866163
            ],
            [
              -58.8549032938968,
              -27.4703050843219
            ],
            [
              -58.8548708757694,
              -27.4701372715963
            ],
            [
              -58.854830156427,
              -27.4699465433897
            ],
            [
              -58.8548051738107,
              -27.4698854120543
            ],
            [
              -58.8547635886605,
              -27.4697784497627
            ],
            [
              -58.8547388423019,
              -27.4696944731614
            ],
            [
              -58.8547057159942,
              -27.4695951961613
            ],
            [
              -58.8546294301471,
              -27.4695412585234
            ],
            [
              -58.8546049988852,
              -27.4694268215607
            ],
            [
              -58.8545713215966,
              -27.4693808501253
            ],
            [
              -58.8545031009223,
              -27.4693726731637
            ],
            [
              -58.8543842857202,
              -27.4693031540393
            ],
            [
              -58.8542486321216,
              -27.469210649062
            ],
            [
              -58.8541810417036,
              -27.4691415512738
            ],
            [
              -58.8541217524648,
              -27.4690953689661
            ],
            [
              -58.8540287075509,
              -27.4690108301596
            ],
            [
              -58.8537939151407,
              -27.4685976480331
            ],
            [
              -58.8535751352526,
              -27.4682874097492
            ],
            [
              -58.8534732388489,
              -27.4682332606373
            ],
            [
              -58.8533110294768,
              -27.4682319248972
            ],
            [
              -58.8531145919428,
              -27.4682379227781
            ],
            [
              -58.852961314148,
              -27.4681985815398
            ],
            [
              -58.8528853455261,
              -27.468114182664
            ],
            [
              -58.8527925389535,
              -27.4680067978288
            ],
            [
              -58.8526919050206,
              -27.4678308068582
            ],
            [
              -58.8525144358047,
              -27.4676541826504
            ],
            [
              -58.8524133293336,
              -27.4675238819802
            ],
            [
              -58.8523288243126,
              -27.4674394124592
            ],
            [
              -58.8522621828578,
              -27.4672789328203
            ],
            [
              -58.8523147474881,
              -27.4671498986454
            ],
            [
              -58.8523856485687,
              -27.4668991638611
            ],
            [
              -58.8523610623532,
              -27.4667999567144
            ],
            [
              -58.8523629555208,
              -27.4666171947494
            ],
            [
              -58.8523715140763,
              -27.4665738627813
            ],
            [
              -58.8523690341461,
              -27.4665729966014
            ],
            [
              -58.8523025115369,
              -27.4665597068656
            ],
            [
              -58.8522741652592,
              -27.466538237459
            ],
            [
              -58.8521742714078,
              -27.4665289197548
            ],
            [
              -58.8520883086845,
              -27.4665536940535
            ],
            [
              -58.8520027419653,
              -27.4665402471804
            ],
            [
              -58.8519220683308,
              -27.4665140991374
            ],
            [
              -58.8518363696337,
              -27.4665133925354
            ],
            [
              -58.8517222807697,
              -27.4664954631557
            ],
            [
              -58.8516368902219,
              -27.4664650288989
            ],
            [
              -58.8515376568392,
              -27.4663920088877
            ],
            [
              -58.8514386437165,
              -27.4662977548583
            ],
            [
              -58.8513823919276,
              -27.4662123477995
            ],
            [
              -58.8513498132435,
              -27.4661398774581
            ],
            [
              -58.851283555221,
              -27.4661011065061
            ],
            [
              -58.8511740517635,
              -27.4661002031269
            ],
            [
              -58.8511362278267,
              -27.4660744081489
            ],
            [
              -58.8510557749504,
              -27.4660270256701
            ],
            [
              -58.8509558816946,
              -27.4660177071083
            ],
            [
              -58.8509038628854,
              -27.4659833006298
            ],
            [
              -58.8508520202987,
              -27.4659319069747
            ],
            [
              -58.8508384420294,
              -27.465863840472
            ],
            [
              -58.8507771656144,
              -27.4658038746309
            ],
            [
              -58.8506916877678,
              -27.4657819333945
            ],
            [
              -58.8505726185805,
              -27.4657851977503
            ],
            [
              -58.8504816748073,
              -27.465831165712
            ],
            [
              -58.8504055427599,
              -27.4658262900616
            ],
            [
              -58.8503154361762,
              -27.4657915689243
            ],
            [
              -58.8502011720571,
              -27.4657906254813
            ],
            [
              -58.8501247315303,
              -27.4658154771981
            ],
            [
              -58.8500582096831,
              -27.4658021864108
            ],
            [
              -58.8499535557363,
              -27.4657928278213
            ],
            [
              -58.8498434354324,
              -27.4658513784385
            ],
            [
              -58.8498097997737,
              -27.4658808306797
            ],
            [
              -58.8497572523283,
              -27.46589738524
            ],
            [
              -58.8497145355233,
              -27.4658842909234
            ],
            [
              -58.8496865867629,
              -27.4658245999181
            ],
            [
              -58.8496781670559,
              -27.4657183515623
            ],
            [
              -58.849679225262,
              -27.4656164286525
            ],
            [
              -58.8495995229766,
              -27.4654968499643
            ],
            [
              -58.849505317412,
              -27.4653983871675
            ],
            [
              -58.8494161376041,
              -27.4652744829227
            ],
            [
              -58.8493739282631,
              -27.4652125504501
            ],
            [
              -58.8493219544412,
              -27.4651738966157
            ],
            [
              -58.8492267790139,
              -27.4651688629691
            ],
            [
              -58.8491264456121,
              -27.4652020109962
            ],
            [
              -58.8490550309468,
              -27.4652014207572
            ],
            [
              -58.8489883772611,
              -27.4652008698344
            ],
            [
              -58.8488794483629,
              -27.4651447564466
            ],
            [
              -58.8487560601556,
              -27.4651055120431
            ],
            [
              -58.8486234148844,
              -27.4650407080826
            ],
            [
              -58.8485047437235,
              -27.4650057496136
            ],
            [
              -58.8484432042406,
              -27.4649712635106
            ],
            [
              -58.8483816647967,
              -27.4649367773813
            ],
            [
              -58.8483393899549,
              -27.4648812147935
            ],
            [
              -58.8482587184602,
              -27.4648550646854
            ],
            [
              -58.8482498587139,
              -27.4647912841363
            ],
            [
              -58.8482503443087,
              -27.4647445694867
            ],
            [
              -58.8482131395817,
              -27.4646593187363
            ],
            [
              -58.8481417694381,
              -27.4646544812535
            ],
            [
              -58.848056293054,
              -27.4646325384388
            ],
            [
              -58.8477243072515,
              -27.4645066243846
            ],
            [
              -58.8474401525012,
              -27.4643598696874
            ],
            [
              -58.8473502248106,
              -27.4643081595481
            ],
            [
              -58.8473029247101,
              -27.4642780379677
            ],
            [
              -58.8472556246356,
              -27.4642479163719
            ],
            [
              -58.8471936883147,
              -27.4642516508036
            ],
            [
              -58.8471370431641,
              -27.4642044632027
            ],
            [
              -58.847047027366,
              -27.4641612464445
            ],
            [
              -58.8469469152662,
              -27.4641731589898
            ],
            [
              -58.8467851099552,
              -27.4641654483983
            ],
            [
              -58.8466328928401,
              -27.4641514463072
            ],
            [
              -58.846476578018,
              -27.4640737028526
            ],
            [
              -58.8463395724053,
              -27.4639706362931
            ],
            [
              -58.8461737804417,
              -27.4638885668435
            ],
            [
              -58.8460078560418,
              -27.4638192375537
            ],
            [
              -58.8458137645241,
              -27.4637114502688
            ],
            [
              -58.8455868780061,
              -27.463552425062
            ],
            [
              -58.8453883362471,
              -27.4634148702599
            ],
            [
              -58.8452470584195,
              -27.4632650485882
            ],
            [
              -58.8451811141434,
              -27.4631965473562
            ],
            [
              -58.8450858521825,
              -27.4632000045008
            ],
            [
              -58.8450002890544,
              -27.4631865534236
            ],
            [
              -58.8449096994455,
              -27.4631985434987
            ],
            [
              -58.8447767931563,
              -27.4631592166888
            ],
            [
              -58.844630489934,
              -27.4630348356198
            ],
            [
              -58.8444089210144,
              -27.4628227632995
            ],
            [
              -58.8443192617855,
              -27.4627455705833
            ],
            [
              -58.844229824157,
              -27.4626471439046
            ],
            [
              -58.8440523227161,
              -27.4623186401595
            ],
            [
              -58.8440292273225,
              -27.4622504940649
            ],
            [
              -58.8439060657167,
              -27.4621900115926
            ],
            [
              -58.8439256407448,
              -27.4621392083043
            ],
            [
              -58.8439402776984,
              -27.4621053526172
            ],
            [
              -58.843935959915,
              -27.462062845281
            ],
            [
              -58.8439028556082,
              -27.4620413347203
            ],
            [
              -58.843864768943,
              -27.4620410185356
            ],
            [
              -58.8438263278032,
              -27.4620746765912
            ],
            [
              -58.8437973196907,
              -27.4621169072504
            ],
            [
              -58.843693290328,
              -27.4620480891378
            ],
            [
              -58.8436021254119,
              -27.4621152865417
            ],
            [
              -58.8435062881911,
              -27.4621739507841
            ],
            [
              -58.8434062662648,
              -27.4621773672693
            ],
            [
              -58.8433112711494,
              -27.4621553425424
            ],
            [
              -58.8430982305994,
              -27.4620388998852
            ],
            [
              -58.84272429591,
              -27.4618105730751
            ],
            [
              -58.842598863839,
              -27.4619406983019
            ],
            [
              -58.842776778215,
              -27.4636353557428
            ],
            [
              -58.8429163812645,
              -27.4648064866635
            ],
            [
              -58.8427743122771,
              -27.4648172747522
            ],
            [
              -58.843027346544,
              -27.4681026867022
            ],
            [
              -58.8432079137189,
              -27.4703254273372
            ],
            [
              -58.8432776263109,
              -27.4715175010402
            ],
            [
              -58.8435901722748,
              -27.4749072838748
            ],
            [
              -58.8443081376966,
              -27.474812606529
            ],
            [
              -58.8473985411239,
              -27.4744240361799
            ],
            [
              -58.8472034548423,
              -27.4723894037297
            ],
            [
              -58.8485010160524,
              -27.4722882308911
            ],
            [
              -58.8497935725403,
              -27.4721855124121
            ],
            [
              -58.8500241423421,
              -27.4741228739629
            ]
          ]
        ]
      }
    },
    {
      "type": "Feature",
      "properties": {
        "id": 27,
        "nombre": "DEPORTES",
        "tipo": "BARRIOS POR ORDENANZA",
        "ordenanza": "578/72",
        "superficie_ha": "497.997.901.011.861"
      },
      "geometry": {
        "type": "Polygon",
        "coordinates": [
          [
            [
              -58.842776778215,
              -27.4636353557428
            ],
            [
              -58.842598863839,
              -27.4619406983019
            ],
            [
              -58.84272429591,
              -27.4618105730751
            ],
            [
              -58.8425444198335,
              -27.4617055256731
            ],
            [
              -58.8422995658933,
              -27.4615593343873
            ],
            [
              -58.8420759294861,
              -27.4614109558854
            ],
            [
              -58.8419284484996,
              -27.4613270170965
            ],
            [
              -58.8418756903392,
              -27.4613053094493
            ],
            [
              -58.8418174118888,
              -27.461304824794
            ],
            [
              -58.8417088514516,
              -27.4612991954919
            ],
            [
              -58.8415898925622,
              -27.4612745739049
            ],
            [
              -58.8415107184184,
              -27.46124555675
            ],
            [
              -58.8414371882212,
              -27.4611835015186
            ],
            [
              -58.8413272636858,
              -27.4610549734876
            ],
            [
              -58.8411812910699,
              -27.4608268904708
            ],
            [
              -58.8410795118881,
              -27.4606795243229
            ],
            [
              -58.8410480698066,
              -27.4606461776865
            ],
            [
              -58.8410006101575,
              -27.4606245138099
            ],
            [
              -58.8409290623514,
              -27.4606262815739
            ],
            [
              -58.8408625406697,
              -27.4606540864787
            ],
            [
              -58.84081713684,
              -27.4606891567655
            ],
            [
              -58.8407848791366,
              -27.460733789314
            ],
            [
              -58.8407792103492,
              -27.4607691903244
            ],
            [
              -58.8408051566227,
              -27.4608213969796
            ],
            [
              -58.8407760020049,
              -27.4608653666867
            ],
            [
              -58.8407882985612,
              -27.4609134219668
            ],
            [
              -58.8407985238292,
              -27.4609489552737
            ],
            [
              -58.8408030061532,
              -27.4610269786115
            ],
            [
              -58.8407624799507,
              -27.4611022640943
            ],
            [
              -58.8406902396576,
              -27.4611701959249
            ],
            [
              -58.8406210438496,
              -27.4612003416555
            ],
            [
              -58.8404773046367,
              -27.461265314912
            ],
            [
              -58.8403683981591,
              -27.4612927666633
            ],
            [
              -58.8402227021302,
              -27.4612915534032
            ],
            [
              -58.8401194151392,
              -27.4612883299926
            ],
            [
              -58.840024099947,
              -27.4612828096926
            ],
            [
              -58.8399787450692,
              -27.4613131536738
            ],
            [
              -58.8399226209275,
              -27.4613599504188
            ],
            [
              -58.8398643919657,
              -27.4613547389328
            ],
            [
              -58.8396603927074,
              -27.4613554025906
            ],
            [
              -58.839422253181,
              -27.4613274228949
            ],
            [
              -58.8391736291085,
              -27.4612887209475
            ],
            [
              -58.8390996794105,
              -27.4612668356192
            ],
            [
              -58.8390553392807,
              -27.4612002960586
            ],
            [
              -58.8390265466991,
              -27.4611669710652
            ],
            [
              -58.8389632426843,
              -27.461140447989
            ],
            [
              -58.8388969678217,
              -27.4611446218719
            ],
            [
              -58.8387664975789,
              -27.4612073407567
            ],
            [
              -58.838659992162,
              -27.4612584433026
            ],
            [
              -58.8384531707466,
              -27.461275624143
            ],
            [
              -58.8380183727899,
              -27.4613062635698
            ],
            [
              -58.8378864423417,
              -27.4612555352785
            ],
            [
              -58.8377815225987,
              -27.4611554048411
            ],
            [
              -58.837396027439,
              -27.4612845270395
            ],
            [
              -58.8373368107435,
              -27.4611209711008
            ],
            [
              -58.8373025719331,
              -27.4611017795619
            ],
            [
              -58.8372336728449,
              -27.4611035675317
            ],
            [
              -58.8372124807545,
              -27.4611033905911
            ],
            [
              -58.8371936401328,
              -27.4611315918155
            ],
            [
              -58.837190073693,
              -27.4612190008507
            ],
            [
              -58.8369516748422,
              -27.4612158284993
            ],
            [
              -58.8369900799423,
              -27.4608380354475
            ],
            [
              -58.8363559097226,
              -27.4607536550137
            ],
            [
              -58.8362550810154,
              -27.4607391817165
            ],
            [
              -58.8363514170821,
              -27.4619527887776
            ],
            [
              -58.8364810765867,
              -27.4630493651314
            ],
            [
              -58.8363413099362,
              -27.4630626696627
            ],
            [
              -58.8364166089334,
              -27.4642376786825
            ],
            [
              -58.8366345678994,
              -27.4664728443772
            ],
            [
              -58.8368549990389,
              -27.4686425999003
            ],
            [
              -58.841725833292,
              -27.4681761700045
            ],
            [
              -58.843027346544,
              -27.4681026867022
            ],
            [
              -58.8427743122771,
              -27.4648172747522
            ],
            [
              -58.8429163812645,
              -27.4648064866635
            ],
            [
              -58.842776778215,
              -27.4636353557428
            ]
          ]
        ]
      }
    },
    {
      "type": "Feature",
      "properties": {
        "id": 33,
        "nombre": "FRAY J DE LA QUINTANA",
        "tipo": "BARRIOS POR ORDENANZA",
        "ordenanza": "578/72",
        "superficie_ha": "122.881.676.462.542"
      },
      "geometry": {
        "type": "Polygon",
        "coordinates": [
          [
            [
              -58.7977886145402,
              -27.5059227857821
            ],
            [
              -58.7945357790222,
              -27.5059891534278
            ],
            [
              -58.7912730297479,
              -27.5060625981428
            ],
            [
              -58.7911865246125,
              -27.5048214406109
            ],
            [
              -58.7897874483898,
              -27.5049374540364
            ],
            [
              -58.7887400176728,
              -27.5050565362596
            ],
            [
              -58.78869744222,
              -27.5037508083546
            ],
            [
              -58.7876605403046,
              -27.5052993441208
            ],
            [
              -58.7868229202194,
              -27.5067391309943
            ],
            [
              -58.7864001008552,
              -27.5072843934092
            ],
            [
              -58.785825014362,
              -27.5080112559235
            ],
            [
              -58.7854462523423,
              -27.5085269193752
            ],
            [
              -58.7849767812703,
              -27.5091482447374
            ],
            [
              -58.7845532430544,
              -27.5096635143644
            ],
            [
              -58.7836474637494,
              -27.5108238740126
            ],
            [
              -58.7837238232207,
              -27.5108526927275
            ],
            [
              -58.7837912070638,
              -27.5108774113509
            ],
            [
              -58.7838429609041,
              -27.510887917789
            ],
            [
              -58.7839397700244,
              -27.5109028396897
            ],
            [
              -58.7840863212739,
              -27.5109061316496
            ],
            [
              -58.7849486615352,
              -27.5109307589174
            ],
            [
              -58.7854105562487,
              -27.51096897636
            ],
            [
              -58.7857177248102,
              -27.5113376212588
            ],
            [
              -58.7862520576936,
              -27.5119676393472
            ],
            [
              -58.7869166052664,
              -27.5127546271193
            ],
            [
              -58.7876262329185,
              -27.5136475710696
            ],
            [
              -58.7878943166115,
              -27.513982692704
            ],
            [
              -58.7879853627129,
              -27.5141121764302
            ],
            [
              -58.7880112992036,
              -27.5142149525257
            ],
            [
              -58.7880854870671,
              -27.5149565735547
            ],
            [
              -58.7881402693842,
              -27.5152053829349
            ],
            [
              -58.7883195142546,
              -27.5155186164317
            ],
            [
              -58.7885066198421,
              -27.5158349343604
            ],
            [
              -58.7886173029347,
              -27.5160249123166
            ],
            [
              -58.7886241933387,
              -27.5161164630785
            ],
            [
              -58.7886096934732,
              -27.5162048113484
            ],
            [
              -58.788518388379,
              -27.5163045553065
            ],
            [
              -58.7884364560285,
              -27.5163722082832
            ],
            [
              -58.7884062584689,
              -27.5164523766309
            ],
            [
              -58.7884013957273,
              -27.5164845068346
            ],
            [
              -58.7884514191965,
              -27.5165502931456
            ],
            [
              -58.7885898910764,
              -27.5166741572789
            ],
            [
              -58.7886346845695,
              -27.5167026984405
            ],
            [
              -58.7887502561234,
              -27.5167726333595
            ],
            [
              -58.7888700581929,
              -27.516664302452
            ],
            [
              -58.7925730112378,
              -27.5137844673209
            ],
            [
              -58.7940290626528,
              -27.5125462291311
            ],
            [
              -58.7954423143651,
              -27.5113443458918
            ],
            [
              -58.796561766248,
              -27.510392291695
            ],
            [
              -58.7978910517282,
              -27.5095972393581
            ],
            [
              -58.8027021610528,
              -27.5073033236437
            ],
            [
              -58.802354778032,
              -27.5044668751155
            ],
            [
              -58.7984112836079,
              -27.504793885482
            ],
            [
              -58.7977657998048,
              -27.5048364489684
            ],
            [
              -58.7977886145402,
              -27.5059227857821
            ]
          ]
        ]
      }
    },
    {
      "type": "Feature",
      "properties": {
        "id": 34,
        "nombre": "GALVAN",
        "tipo": "BARRIOS POR ORDENANZA",
        "ordenanza": "578/72",
        "superficie_ha": "577.968.589.974.575"
      },
      "geometry": {
        "type": "Polygon",
        "coordinates": [
          [
            [
              -58.8495363242943,
              -27.4828972147957
            ],
            [
              -58.8474543180583,
              -27.4841314834427
            ],
            [
              -58.846912537678,
              -27.4843566631463
            ],
            [
              -58.8456339907598,
              -27.484543769695
            ],
            [
              -58.8457452864724,
              -27.4852877295588
            ],
            [
              -58.8458733572513,
              -27.4855133312309
            ],
            [
              -58.8469779583704,
              -27.4859513369397
            ],
            [
              -58.8513724056289,
              -27.4877432906748
            ],
            [
              -58.8515579197926,
              -27.4878177082949
            ],
            [
              -58.8517281801692,
              -27.4878825805027
            ],
            [
              -58.8516857940131,
              -27.4885795140293
            ],
            [
              -58.8521347271641,
              -27.4886823369421
            ],
            [
              -58.852637823364,
              -27.4887904400628
            ],
            [
              -58.8540708221987,
              -27.488367087765
            ],
            [
              -58.8553079726967,
              -27.4880073836016
            ],
            [
              -58.8564199554043,
              -27.4877381318269
            ],
            [
              -58.856308072287,
              -27.4875554253996
            ],
            [
              -58.8562627247407,
              -27.4873563552587
            ],
            [
              -58.8563057568423,
              -27.4871712578479
            ],
            [
              -58.8563472740341,
              -27.4869926759851
            ],
            [
              -58.8563153225161,
              -27.486853702337
            ],
            [
              -58.8563678710615,
              -27.4866730769248
            ],
            [
              -58.8563708254795,
              -27.4865286327059
            ],
            [
              -58.8564528902305,
              -27.4863855683702
            ],
            [
              -58.8565396074205,
              -27.4862509974155
            ],
            [
              -58.8565664915086,
              -27.4861112732654
            ],
            [
              -58.8565875795518,
              -27.4860016725093
            ],
            [
              -58.8565524059272,
              -27.4859298044214
            ],
            [
              -58.856434648947,
              -27.4858569676166
            ],
            [
              -58.8563460743547,
              -27.4857125011869
            ],
            [
              -58.8564091349879,
              -27.4855735082988
            ],
            [
              -58.8564721954571,
              -27.4854345153746
            ],
            [
              -58.856284562665,
              -27.4852427313293
            ],
            [
              -58.8561428011269,
              -27.4851992902877
            ],
            [
              -58.8561064540717,
              -27.4850467977084
            ],
            [
              -58.8562065605116,
              -27.484992661504
            ],
            [
              -58.8562261316985,
              -27.4849336358297
            ],
            [
              -58.8561938257073,
              -27.4848488181961
            ],
            [
              -58.8562464453244,
              -27.4848027469236
            ],
            [
              -58.8563927716585,
              -27.4848631357889
            ],
            [
              -58.8565732382341,
              -27.4848307976022
            ],
            [
              -58.8566479608046,
              -27.4844805199707
            ],
            [
              -58.8565855751178,
              -27.4840952951405
            ],
            [
              -58.8565132734374,
              -27.4837522648933
            ],
            [
              -58.8566838588281,
              -27.4828405026924
            ],
            [
              -58.8567663747746,
              -27.4821943562121
            ],
            [
              -58.8567576808396,
              -27.4821181878339
            ],
            [
              -58.8565923113171,
              -27.482066098197
            ],
            [
              -58.8563822826928,
              -27.4820775049341
            ],
            [
              -58.8561887288559,
              -27.4821304241509
            ],
            [
              -58.8560190128998,
              -27.4820402496408
            ],
            [
              -58.8558867788215,
              -27.4819926591055
            ],
            [
              -58.8557634128438,
              -27.4820043278702
            ],
            [
              -58.8555820331295,
              -27.4821254373904
            ],
            [
              -58.8553485587655,
              -27.4822418906683
            ],
            [
              -58.855077646225,
              -27.4823115319142
            ],
            [
              -58.8547893919136,
              -27.4822246084567
            ],
            [
              -58.854614307383,
              -27.4822190572692
            ],
            [
              -58.8544292536547,
              -27.4822131897609
            ],
            [
              -58.854272752388,
              -27.482220356879
            ],
            [
              -58.8541127363153,
              -27.4821091218801
            ],
            [
              -58.8538680167748,
              -27.4819380027777
            ],
            [
              -58.8537273545818,
              -27.4817888782426
            ],
            [
              -58.8536822077031,
              -27.4817533994686
            ],
            [
              -58.853553382953,
              -27.481652162053
            ],
            [
              -58.853500900415,
              -27.4816276097581
            ],
            [
              -58.8533694068616,
              -27.4815660945263
            ],
            [
              -58.8533072703055,
              -27.4815561342486
            ],
            [
              -58.8531469874028,
              -27.4815304413114
            ],
            [
              -58.8530335784528,
              -27.481541495077
            ],
            [
              -58.8528670338061,
              -27.4815577277108
            ],
            [
              -58.8527582816542,
              -27.4815314657898
            ],
            [
              -58.8527138608619,
              -27.4814221436416
            ],
            [
              -58.8526565909922,
              -27.4812811988434
            ],
            [
              -58.8525457279138,
              -27.4810012629667
            ],
            [
              -58.8524446687082,
              -27.4808277029481
            ],
            [
              -58.8516308356441,
              -27.4808031923227
            ],
            [
              -58.8512899295095,
              -27.4809154131514
            ],
            [
              -58.8510002365255,
              -27.4812533435226
            ],
            [
              -58.8507620143195,
              -27.4816189518961
            ],
            [
              -58.8505663450992,
              -27.4820321919549
            ],
            [
              -58.8503945324229,
              -27.4823934055075
            ],
            [
              -58.8495363242943,
              -27.4828972147957
            ]
          ]
        ]
      }
    },
    {
      "type": "Feature",
      "properties": {
        "id": 35,
        "nombre": "GENERAL MADARIAGA",
        "tipo": "BARRIOS POR ORDENANZA",
        "ordenanza": "578/72",
        "superficie_ha": "971.023.061.423.034"
      },
      "geometry": {
        "type": "Polygon",
        "coordinates": [
          [
            [
              -58.7957386896856,
              -27.4681433398196
            ],
            [
              -58.7958768673823,
              -27.4691945552556
            ],
            [
              -58.7961287061737,
              -27.4708564763087
            ],
            [
              -58.7990145298965,
              -27.4703894104377
            ],
            [
              -58.7991902892287,
              -27.4712093123792
            ],
            [
              -58.7996706836282,
              -27.4709763361579
            ],
            [
              -58.8003556776558,
              -27.4706417503518
            ],
            [
              -58.800334851005,
              -27.4691903341266
            ],
            [
              -58.799883930265,
              -27.4691313215572
            ],
            [
              -58.7996527194868,
              -27.4691058459969
            ],
            [
              -58.7992456489322,
              -27.4690187657259
            ],
            [
              -58.7988197299307,
              -27.4689074375381
            ],
            [
              -58.7986488335757,
              -27.4688707392834
            ],
            [
              -58.7957386896856,
              -27.4681433398196
            ]
          ]
        ]
      }
    },
    {
      "type": "Feature",
      "properties": {
        "id": 36,
        "nombre": "GRANADEROS",
        "tipo": "BARRIOS POR ORDENANZA",
        "ordenanza": "578/72",
        "superficie_ha": "137.889.548.840.071"
      },
      "geometry": {
        "type": "Polygon",
        "coordinates": [
          [
            [
              -58.8155634021605,
              -27.4830317419813
            ],
            [
              -58.8184330328328,
              -27.48269648726
            ],
            [
              -58.8190609754413,
              -27.4826142902265
            ],
            [
              -58.8198967542452,
              -27.482504883042
            ],
            [
              -58.8206953307011,
              -27.4824003408936
            ],
            [
              -58.8216824095799,
              -27.4822711151327
            ],
            [
              -58.8209582153132,
              -27.4800277639293
            ],
            [
              -58.8176114160217,
              -27.4803613600089
            ],
            [
              -58.8178402189973,
              -27.4818603518191
            ],
            [
              -58.8166044163745,
              -27.4819769912298
            ],
            [
              -58.8153930678034,
              -27.4820950151644
            ],
            [
              -58.8155634021605,
              -27.4830317419813
            ]
          ]
        ]
      }
    },
    {
      "type": "Feature",
      "properties": {
        "id": 39,
        "nombre": "HIPODROMO",
        "tipo": "BARRIOS POR ORDENANZA",
        "ordenanza": "578/72",
        "superficie_ha": "725.417.881.422.871"
      },
      "geometry": {
        "type": "Polygon",
        "coordinates": [
          [
            [
              -58.800334851005,
              -27.4691903341266
            ],
            [
              -58.8003556776558,
              -27.4706417503518
            ],
            [
              -58.7996706836282,
              -27.4709763361579
            ],
            [
              -58.7991902892287,
              -27.4712093123792
            ],
            [
              -58.7994386286389,
              -27.4724832616898
            ],
            [
              -58.7998658411806,
              -27.4745316230041
            ],
            [
              -58.8013800733943,
              -27.4740872391769
            ],
            [
              -58.802672202011,
              -27.4736788431236
            ],
            [
              -58.8044371292376,
              -27.473192580399
            ],
            [
              -58.8082981989644,
              -27.472256971131
            ],
            [
              -58.8127280968141,
              -27.4712093918968
            ],
            [
              -58.8129836629601,
              -27.4711316141266
            ],
            [
              -58.8135849814009,
              -27.4709859551844
            ],
            [
              -58.8129931254908,
              -27.467528447616
            ],
            [
              -58.8129207415836,
              -27.4675225553342
            ],
            [
              -58.8127563841127,
              -27.4675091759682
            ],
            [
              -58.8118338373534,
              -27.4674384788995
            ],
            [
              -58.8097863270377,
              -27.4672606060102
            ],
            [
              -58.80940973288,
              -27.4672304519095
            ],
            [
              -58.8089584541703,
              -27.4672065002128
            ],
            [
              -58.8082462053991,
              -27.4671449916581
            ],
            [
              -58.8076426539238,
              -27.4671732529095
            ],
            [
              -58.8071338429294,
              -27.4672724145906
            ],
            [
              -58.8060466131451,
              -27.4675635519348
            ],
            [
              -58.8043098075163,
              -27.468085784788
            ],
            [
              -58.803478890699,
              -27.4683455332857
            ],
            [
              -58.8016787072527,
              -27.4688712379885
            ],
            [
              -58.8009241762991,
              -27.4690534495549
            ],
            [
              -58.800334851005,
              -27.4691903341266
            ]
          ]
        ]
      }
    },
    {
      "type": "Feature",
      "properties": {
        "id": 40,
        "nombre": "INDEPENDENCIA",
        "tipo": "BARRIOS POR ORDENANZA",
        "ordenanza": "578/72",
        "superficie_ha": "55.771.461.524.036"
      },
      "geometry": {
        "type": "Polygon",
        "coordinates": [
          [
            [
              -58.8256474629272,
              -27.499344227262
            ],
            [
              -58.826183902597,
              -27.5022917720567
            ],
            [
              -58.8264813112309,
              -27.5095623432352
            ],
            [
              -58.8294664787503,
              -27.5098556931249
            ],
            [
              -58.8313677379515,
              -27.5100521861116
            ],
            [
              -58.8314388579098,
              -27.5096204842931
            ],
            [
              -58.8317696481943,
              -27.5077705440166
            ],
            [
              -58.8317629636391,
              -27.5056995973392
            ],
            [
              -58.8313852539629,
              -27.5032300390281
            ],
            [
              -58.8314151803688,
              -27.5031274171466
            ],
            [
              -58.8312079501139,
              -27.5017214562693
            ],
            [
              -58.8299537351628,
              -27.5018870276471
            ],
            [
              -58.8298110131157,
              -27.5019052977141
            ],
            [
              -58.8290870424453,
              -27.500592780751
            ],
            [
              -58.8290661408834,
              -27.5004629567837
            ],
            [
              -58.8282433534718,
              -27.4990550973305
            ],
            [
              -58.8282275138451,
              -27.4989853160947
            ],
            [
              -58.8274355637512,
              -27.499088920963
            ],
            [
              -58.8256474629272,
              -27.499344227262
            ]
          ]
        ]
      }
    },
    {
      "type": "Feature",
      "properties": {
        "id": 43,
        "nombre": "SOL DE MAYO",
        "tipo": "BARRIOS POR ORDENANZA",
        "ordenanza": "6146/14",
        "superficie_ha": "392.900.894.522.221"
      },
      "geometry": {
        "type": "Polygon",
        "coordinates": [
          [
            [
              -58.8007555068404,
              -27.459369540648
            ],
            [
              -58.8005260883758,
              -27.4618609995135
            ],
            [
              -58.800368848231,
              -27.4628300554682
            ],
            [
              -58.8000384794214,
              -27.465620723203
            ],
            [
              -58.7996527194868,
              -27.4691058459969
            ],
            [
              -58.799883930265,
              -27.4691313215572
            ],
            [
              -58.800334851005,
              -27.4691903341266
            ],
            [
              -58.8009241762991,
              -27.4690534495549
            ],
            [
              -58.8016787072527,
              -27.4688712379885
            ],
            [
              -58.8034788906989,
              -27.4683455332857
            ],
            [
              -58.8043098075163,
              -27.468085784788
            ],
            [
              -58.8040428718048,
              -27.467423103647
            ],
            [
              -58.8038023005369,
              -27.4667869638433
            ],
            [
              -58.8037857914936,
              -27.4666073001193
            ],
            [
              -58.8037361302416,
              -27.4661117873588
            ],
            [
              -58.8037448690548,
              -27.4654473166885
            ],
            [
              -58.8039367251206,
              -27.464838903295
            ],
            [
              -58.8039829543769,
              -27.4644188677325
            ],
            [
              -58.8040100306793,
              -27.4643626927742
            ],
            [
              -58.8041045637567,
              -27.464135644583
            ],
            [
              -58.8041895543619,
              -27.4637743440417
            ],
            [
              -58.8041729416935,
              -27.4635178492451
            ],
            [
              -58.8042979662848,
              -27.4633015307552
            ],
            [
              -58.8045421736327,
              -27.4629915823098
            ],
            [
              -58.8047785365902,
              -27.4626271087064
            ],
            [
              -58.8051229964,
              -27.4621884458471
            ],
            [
              -58.8055141735811,
              -27.461652246575
            ],
            [
              -58.8055039734335,
              -27.4613437930026
            ],
            [
              -58.8054735318646,
              -27.4612998515985
            ],
            [
              -58.8054016676793,
              -27.4612132884997
            ],
            [
              -58.8053060272599,
              -27.4611475305856
            ],
            [
              -58.8052059197269,
              -27.4610617966528
            ],
            [
              -58.8051511831588,
              -27.461012507336
            ],
            [
              -58.8051259454436,
              -27.460970272431
            ],
            [
              -58.8050640448584,
              -27.4609525519844
            ],
            [
              -58.8050210416464,
              -27.4609693723293
            ],
            [
              -58.8049435575721,
              -27.4610069059623
            ],
            [
              -58.8048662176212,
              -27.461031071307
            ],
            [
              -58.8047164373832,
              -27.4610221461454
            ],
            [
              -58.8046033819925,
              -27.4609829772495
            ],
            [
              -58.8045607907362,
              -27.4609616024724
            ],
            [
              -58.8044952883584,
              -27.4608808233095
            ],
            [
              -58.8043915385155,
              -27.4607729768037
            ],
            [
              -58.80428089227,
              -27.4607089993024
            ],
            [
              -58.8041829060052,
              -27.4606623197529
            ],
            [
              -58.8041769273763,
              -27.4606565628742
            ],
            [
              -58.8030467332267,
              -27.4603751131151
            ],
            [
              -58.8007555068404,
              -27.459369540648
            ]
          ]
        ]
      }
    },
    {
      "type": "Feature",
      "properties": {
        "id": 46,
        "nombre": "JUAN XXIII",
        "tipo": "BARRIOS POR ORDENANZA",
        "ordenanza": "578/72",
        "superficie_ha": "779.925.847.789.032"
      },
      "geometry": {
        "type": "Polygon",
        "coordinates": [
          [
            [
              -58.8399787383408,
              -27.5006066506567
            ],
            [
              -58.8414972527644,
              -27.5003482796755
            ],
            [
              -58.8416037087884,
              -27.5000203807078
            ],
            [
              -58.8415928984223,
              -27.4998130453999
            ],
            [
              -58.8415817957919,
              -27.4994982311446
            ],
            [
              -58.8411849011826,
              -27.4960236739541
            ],
            [
              -58.8409567293002,
              -27.4939847385461
            ],
            [
              -58.8409107582507,
              -27.493500888459
            ],
            [
              -58.8409009003112,
              -27.4933592050766
            ],
            [
              -58.8408629343389,
              -27.4933022483252
            ],
            [
              -58.8407938137757,
              -27.4932227651671
            ],
            [
              -58.8381036691073,
              -27.493312153264
            ],
            [
              -58.838108946741,
              -27.4929064559311
            ],
            [
              -58.8335750842335,
              -27.4935340919774
            ],
            [
              -58.8337061643538,
              -27.4942825927552
            ],
            [
              -58.8340146043343,
              -27.4960074801964
            ],
            [
              -58.8341474055702,
              -27.4967501288709
            ],
            [
              -58.8344249218791,
              -27.4982128340797
            ],
            [
              -58.8330357039158,
              -27.4983722084154
            ],
            [
              -58.8314629847909,
              -27.4985683688148
            ],
            [
              -58.8313855755464,
              -27.4985780233513
            ],
            [
              -58.8309587062502,
              -27.4986409474985
            ],
            [
              -58.8308870630477,
              -27.4986499815103
            ],
            [
              -58.8282275138451,
              -27.4989853160947
            ],
            [
              -58.8282433534718,
              -27.4990550973305
            ],
            [
              -58.8290661408834,
              -27.5004629567837
            ],
            [
              -58.8290870424453,
              -27.500592780751
            ],
            [
              -58.8298110131157,
              -27.5019052977141
            ],
            [
              -58.8299537351628,
              -27.5018870276471
            ],
            [
              -58.8312079501139,
              -27.5017214562693
            ],
            [
              -58.8312116491467,
              -27.5016443323885
            ],
            [
              -58.8317201716037,
              -27.5015585893514
            ],
            [
              -58.8357382088549,
              -27.5010461926406
            ],
            [
              -58.8357490170414,
              -27.5011205354475
            ],
            [
              -58.8365053170255,
              -27.5010369327134
            ],
            [
              -58.8379414085687,
              -27.5008300622787
            ],
            [
              -58.839156385989,
              -27.5007179920641
            ],
            [
              -58.8394764738553,
              -27.5006811256924
            ],
            [
              -58.8395282601901,
              -27.5006751610886
            ],
            [
              -58.839764871934,
              -27.5006391764676
            ],
            [
              -58.8399787383408,
              -27.5006066506567
            ]
          ]
        ]
      }
    },
    {
      "type": "Feature",
      "properties": {
        "id": 48,
        "nombre": "LA ROSADA",
        "tipo": "BARRIOS POR ORDENANZA",
        "ordenanza": "578/72",
        "superficie_ha": "778.433.473.251.837"
      },
      "geometry": {
        "type": "Polygon",
        "coordinates": [
          [
            [
              -58.8225810397051,
              -27.4675387178826
            ],
            [
              -58.8290890357004,
              -27.4670495174811
            ],
            [
              -58.8329442013316,
              -27.4667851908922
            ],
            [
              -58.8366345678994,
              -27.4664728443772
            ],
            [
              -58.8364166089334,
              -27.4642376786825
            ],
            [
              -58.8363413099362,
              -27.4630626696627
            ],
            [
              -58.8364810765867,
              -27.4630493651314
            ],
            [
              -58.8363514170821,
              -27.4619527887776
            ],
            [
              -58.8362550810154,
              -27.4607391817165
            ],
            [
              -58.8359318021177,
              -27.460671969954
            ],
            [
              -58.8347001477681,
              -27.4604217142284
            ],
            [
              -58.8337670322032,
              -27.4600364838306
            ],
            [
              -58.8326937830398,
              -27.4596046601526
            ],
            [
              -58.8325450127982,
              -27.4597997280807
            ],
            [
              -58.8323038211583,
              -27.4596617956991
            ],
            [
              -58.8323045636251,
              -27.4595913298975
            ],
            [
              -58.8322940213018,
              -27.459520769479
            ],
            [
              -58.8322436640458,
              -27.4594800775224
            ],
            [
              -58.8321422070817,
              -27.4594691593568
            ],
            [
              -58.8314361289101,
              -27.4600723162679
            ],
            [
              -58.8312393873746,
              -27.4600001933182
            ],
            [
              -58.8310980781762,
              -27.4599956890456
            ],
            [
              -58.8300455051128,
              -27.4612358057521
            ],
            [
              -58.8294874033151,
              -27.4612456136775
            ],
            [
              -58.8293840723869,
              -27.4612834054878
            ],
            [
              -58.8292721564712,
              -27.4613646179319
            ],
            [
              -58.8251422598051,
              -27.4642160715335
            ],
            [
              -58.8246546433471,
              -27.4646021840315
            ],
            [
              -58.8215907493021,
              -27.4672982134254
            ],
            [
              -58.8212599473927,
              -27.46757990792
            ],
            [
              -58.8225810397051,
              -27.4675387178826
            ]
          ]
        ]
      }
    },
    {
      "type": "Feature",
      "properties": {
        "id": 49,
        "nombre": "LAGUNA BRAVA",
        "tipo": "BARRIOS POR ORDENANZA",
        "ordenanza": "578/72",
        "superficie_ha": "679.151.225.508.033"
      },
      "geometry": {
        "type": "Polygon",
        "coordinates": [
          [
            [
              -58.7226699793106,
              -27.4896923372533
            ],
            [
              -58.7226382534414,
              -27.4896895663733
            ],
            [
              -58.7226364745505,
              -27.4896895151733
            ],
            [
              -58.7219214119285,
              -27.4896612059866
            ],
            [
              -58.7216769758238,
              -27.4896542714347
            ],
            [
              -58.7215785190268,
              -27.4896530577091
            ],
            [
              -58.7212525260042,
              -27.4896398206596
            ],
            [
              -58.7208134140338,
              -27.4896428192409
            ],
            [
              -58.7200384769334,
              -27.4896978290704
            ],
            [
              -58.7181594938171,
              -27.4899607286459
            ],
            [
              -58.717893319993,
              -27.4900145499559
            ],
            [
              -58.7176142457512,
              -27.4900471493834
            ],
            [
              -58.7171625278885,
              -27.4901168447733
            ],
            [
              -58.7136832515457,
              -27.4906404267494
            ],
            [
              -58.7141223036219,
              -27.4934878583229
            ],
            [
              -58.7145509909484,
              -27.4959684669252
            ],
            [
              -58.7154822225179,
              -27.500253171734
            ],
            [
              -58.7199010455672,
              -27.4995326686904
            ],
            [
              -58.7198874136959,
              -27.4993473104474
            ],
            [
              -58.7198779279275,
              -27.4992581238384
            ],
            [
              -58.7196244560968,
              -27.49832611026
            ],
            [
              -58.7194641994792,
              -27.4974055053696
            ],
            [
              -58.7192997437784,
              -27.4965071364343
            ],
            [
              -58.7192241310369,
              -27.4959976362287
            ],
            [
              -58.7191342880118,
              -27.4955817937742
            ],
            [
              -58.7187993982343,
              -27.4938271419758
            ],
            [
              -58.7233380695352,
              -27.4931558553465
            ],
            [
              -58.7227464688324,
              -27.4900336171587
            ],
            [
              -58.7226699793106,
              -27.4896923372533
            ]
          ]
        ]
      }
    },
    {
      "type": "Feature",
      "properties": {
        "id": 58,
        "nombre": "NTRA SRA DE GUADALUPE",
        "tipo": "BARRIOS POR ORDENANZA",
        "ordenanza": "2609/94",
        "superficie_ha": "255.819.366.185.057"
      },
      "geometry": {
        "type": "Polygon",
        "coordinates": [
          [
            [
              -58.8169526148675,
              -27.5044719650515
            ],
            [
              -58.8187442374798,
              -27.5087157118862
            ],
            [
              -58.8221490225983,
              -27.5090974198586
            ],
            [
              -58.8223923208895,
              -27.5062686774789
            ],
            [
              -58.8222656899136,
              -27.5037992591578
            ],
            [
              -58.8222656797731,
              -27.5037991976393
            ],
            [
              -58.8167082143782,
              -27.5038352537808
            ],
            [
              -58.8169526148675,
              -27.5044719650515
            ]
          ]
        ]
      }
    },
    {
      "type": "Feature",
      "properties": {
        "id": 59,
        "nombre": "NTRA SRA DE LA ASUNCION",
        "tipo": "BARRIOS POR ORDENANZA",
        "ordenanza": "2796/95",
        "superficie_ha": "736.946.337.677.865"
      },
      "geometry": {
        "type": "Polygon",
        "coordinates": [
          [
            [
              -58.7888117794203,
              -27.4953163512526
            ],
            [
              -58.7888748298756,
              -27.4960475342603
            ],
            [
              -58.7890169901614,
              -27.4967868959841
            ],
            [
              -58.7891300805729,
              -27.4975080101693
            ],
            [
              -58.7892606547442,
              -27.4980135071052
            ],
            [
              -58.7893692335618,
              -27.4985943317698
            ],
            [
              -58.7893870253341,
              -27.4986268519634
            ],
            [
              -58.7894714405918,
              -27.4986518604689
            ],
            [
              -58.7905708889523,
              -27.4985130802715
            ],
            [
              -58.7909314946178,
              -27.5005593650854
            ],
            [
              -58.7909935734689,
              -27.500656422514
            ],
            [
              -58.7902553322316,
              -27.5013537820596
            ],
            [
              -58.7894283793036,
              -27.5014927956296
            ],
            [
              -58.7884818537517,
              -27.5015784294894
            ],
            [
              -58.7885828021818,
              -27.5025529917545
            ],
            [
              -58.7886868913964,
              -27.5031910041747
            ],
            [
              -58.78869744222,
              -27.5037508083546
            ],
            [
              -58.7887400176728,
              -27.5050565362596
            ],
            [
              -58.7897874483898,
              -27.5049374540364
            ],
            [
              -58.7911865246125,
              -27.5048214406109
            ],
            [
              -58.7912730297479,
              -27.5060625981428
            ],
            [
              -58.7945357790222,
              -27.5059891534278
            ],
            [
              -58.7977886145402,
              -27.5059227857821
            ],
            [
              -58.7977657998048,
              -27.5048364489684
            ],
            [
              -58.7976619537994,
              -27.5034960876628
            ],
            [
              -58.7976003303416,
              -27.5024140711098
            ],
            [
              -58.7975287866422,
              -27.5014151758051
            ],
            [
              -58.7963650204674,
              -27.5015647354794
            ],
            [
              -58.796228562496,
              -27.5015711559564
            ],
            [
              -58.7960541757276,
              -27.5014074903698
            ],
            [
              -58.7949995883555,
              -27.500196111696
            ],
            [
              -58.794638651563,
              -27.4993079018501
            ],
            [
              -58.7941581998828,
              -27.4980149499319
            ],
            [
              -58.7937307285289,
              -27.4969467245839
            ],
            [
              -58.7934271120663,
              -27.4960952897389
            ],
            [
              -58.7934974030763,
              -27.4949265499921
            ],
            [
              -58.7912545212979,
              -27.4951971495995
            ],
            [
              -58.7902242240437,
              -27.4953608739655
            ],
            [
              -58.7902037160264,
              -27.4951106405624
            ],
            [
              -58.789179088001,
              -27.4952752403271
            ],
            [
              -58.7888117794203,
              -27.4953163512526
            ]
          ]
        ]
      }
    },
    {
      "type": "Feature",
      "properties": {
        "id": 60,
        "nombre": "NUESTRA SRA DE LA POMPEYA",
        "tipo": "BARRIOS POR ORDENANZA",
        "ordenanza": "1818/88-1833/88",
        "superficie_ha": "376.471.671.161.569"
      },
      "geometry": {
        "type": "Polygon",
        "coordinates": [
          [
            [
              -58.8179811833948,
              -27.4644249081261
            ],
            [
              -58.8166745491248,
              -27.464475535036
            ],
            [
              -58.8153760680892,
              -27.4645725120691
            ],
            [
              -58.8125256904177,
              -27.4649995059995
            ],
            [
              -58.8129207415836,
              -27.4675225553342
            ],
            [
              -58.8129931254908,
              -27.467528447616
            ],
            [
              -58.8139643374212,
              -27.4675992667417
            ],
            [
              -58.8160559944421,
              -27.4673517978092
            ],
            [
              -58.8180167693629,
              -27.4670201547306
            ],
            [
              -58.8181816038081,
              -27.466980577229
            ],
            [
              -58.8183424079521,
              -27.4668654820975
            ],
            [
              -58.8186719923406,
              -27.4694909743952
            ],
            [
              -58.818709346241,
              -27.4697601336904
            ],
            [
              -58.8188675835361,
              -27.4696551605253
            ],
            [
              -58.819745308493,
              -27.4688893990608
            ],
            [
              -58.8212599473927,
              -27.46757990792
            ],
            [
              -58.8215907493021,
              -27.4672982134254
            ],
            [
              -58.8246546433471,
              -27.4646021840315
            ],
            [
              -58.8251422598051,
              -27.4642160715335
            ],
            [
              -58.8218990420359,
              -27.4643171176447
            ],
            [
              -58.8179811833948,
              -27.4644249081261
            ]
          ]
        ]
      }
    },
    {
      "type": "Feature",
      "properties": {
        "id": 63,
        "nombre": "PARQUE BALNEARIO MOLINA PUNTA",
        "tipo": "BARRIOS POR ORDENANZA",
        "ordenanza": "3741/02",
        "superficie_ha": "635.697.152.146.017"
      },
      "geometry": {
        "type": "Polygon",
        "coordinates": [
          [
            [
              -58.7860412824359,
              -27.4388734423843
            ],
            [
              -58.7852877464794,
              -27.438966214189
            ],
            [
              -58.7846757494462,
              -27.4391203305416
            ],
            [
              -58.7843480010283,
              -27.4389590124405
            ],
            [
              -58.7831431832151,
              -27.4383677940852
            ],
            [
              -58.7830384364568,
              -27.4381323898415
            ],
            [
              -58.7827242127137,
              -27.4380002069812
            ],
            [
              -58.7822407203028,
              -27.437188735268
            ],
            [
              -58.7814047466288,
              -27.4360775770707
            ],
            [
              -58.7809942995784,
              -27.4360743981433
            ],
            [
              -58.7801245420834,
              -27.4367850482383
            ],
            [
              -58.7796612556688,
              -27.4371635781522
            ],
            [
              -58.7799118179415,
              -27.4378826033345
            ],
            [
              -58.7795352711229,
              -27.4382117419774
            ],
            [
              -58.7794389550127,
              -27.43829593116
            ],
            [
              -58.7790998686741,
              -27.4385923223685
            ],
            [
              -58.779017573037,
              -27.4391727232081
            ],
            [
              -58.7789768585871,
              -27.4394598646263
            ],
            [
              -58.7789252361546,
              -27.439823932845
            ],
            [
              -58.7788891665587,
              -27.4400783127287
            ],
            [
              -58.7788290189978,
              -27.440502498814
            ],
            [
              -58.7787951528332,
              -27.4407413356955
            ],
            [
              -58.7787580607123,
              -27.441002921858
            ],
            [
              -58.7787378436676,
              -27.4411454986798
            ],
            [
              -58.7785705281922,
              -27.4423254425462
            ],
            [
              -58.7778584980755,
              -27.4432281297271
            ],
            [
              -58.7796236824391,
              -27.4436386110292
            ],
            [
              -58.7795298683491,
              -27.4439814991056
            ],
            [
              -58.783462918601,
              -27.4451267909107
            ],
            [
              -58.7851182631101,
              -27.4456350888351
            ],
            [
              -58.7855175266349,
              -27.444507704754
            ],
            [
              -58.7883314746125,
              -27.4444080087699
            ],
            [
              -58.788308755022,
              -27.4443055260902
            ],
            [
              -58.7880823219877,
              -27.443426715221
            ],
            [
              -58.7879136518994,
              -27.4426623971118
            ],
            [
              -58.7878377623489,
              -27.442407452779
            ],
            [
              -58.7864286306786,
              -27.4390331278596
            ],
            [
              -58.7860412824359,
              -27.4388734423843
            ]
          ]
        ]
      }
    },
    {
      "type": "Feature",
      "properties": {
        "id": 70,
        "nombre": "PROGRESO",
        "tipo": "BARRIOS POR ORDENANZA",
        "ordenanza": "578/72",
        "superficie_ha": "406.491.844.549.506"
      },
      "geometry": {
        "type": "Polygon",
        "coordinates": [
          [
            [
              -58.8200271384928,
              -27.4908308666461
            ],
            [
              -58.8198188162187,
              -27.491216630755
            ],
            [
              -58.8186879659065,
              -27.4929846330544
            ],
            [
              -58.8189336690575,
              -27.4944939715247
            ],
            [
              -58.8193046977025,
              -27.4959428429051
            ],
            [
              -58.8196664917116,
              -27.4972485412772
            ],
            [
              -58.8197084902213,
              -27.4974923421453
            ],
            [
              -58.8200366049722,
              -27.4989991973936
            ],
            [
              -58.8214933567828,
              -27.4996366534847
            ],
            [
              -58.8218200327972,
              -27.501167923154
            ],
            [
              -58.8220176182738,
              -27.5012290323126
            ],
            [
              -58.8240442884264,
              -27.4998348012649
            ],
            [
              -58.8236001998991,
              -27.497742444601
            ],
            [
              -58.8225674192985,
              -27.4926826801885
            ],
            [
              -58.8225101081327,
              -27.4923077335681
            ],
            [
              -58.8220042344583,
              -27.4894486184272
            ],
            [
              -58.8207328102849,
              -27.4895227695806
            ],
            [
              -58.8204359665805,
              -27.4899778538273
            ],
            [
              -58.8202549232465,
              -27.4903528667734
            ],
            [
              -58.8202225478725,
              -27.4904208058701
            ],
            [
              -58.8200271384928,
              -27.4908308666461
            ]
          ]
        ]
      }
    },
    {
      "type": "Feature",
      "properties": {
        "id": 75,
        "nombre": "RESIDENCIAL SANTA ROSA",
        "tipo": "BARRIOS POR ORDENANZA",
        "ordenanza": "578/72",
        "superficie_ha": "138.822.420.840.333"
      },
      "geometry": {
        "type": "Polygon",
        "coordinates": [
          [
            [
              -58.8147404900519,
              -27.4785216844082
            ],
            [
              -58.8151344472656,
              -27.4806208161677
            ],
            [
              -58.8151344472656,
              -27.4806208161678
            ],
            [
              -58.8163571049438,
              -27.4804927515807
            ],
            [
              -58.8176114160217,
              -27.4803613600089
            ],
            [
              -58.8176114160235,
              -27.4803613600086
            ],
            [
              -58.8209582153132,
              -27.4800277639293
            ],
            [
              -58.8203796496556,
              -27.4778280628687
            ],
            [
              -58.819837945254,
              -27.4779061963481
            ],
            [
              -58.8147404900519,
              -27.4785216844082
            ]
          ]
        ]
      }
    },
    {
      "type": "Feature",
      "properties": {
        "id": 76,
        "nombre": "RIO PARANA",
        "tipo": "BARRIOS POR ORDENANZA",
        "ordenanza": "578/72",
        "superficie_ha": "121.174.631.410.091"
      },
      "geometry": {
        "type": "Polygon",
        "coordinates": [
          [
            [
              -58.8200934329378,
              -27.5110032298846
            ],
            [
              -58.8199313007798,
              -27.5110638224399
            ],
            [
              -58.8198986355171,
              -27.5110816307904
            ],
            [
              -58.8197472985871,
              -27.5111641360281
            ],
            [
              -58.8196397743443,
              -27.5113008727202
            ],
            [
              -58.8196752675658,
              -27.5128704084654
            ],
            [
              -58.8198493000718,
              -27.5132086250824
            ],
            [
              -58.8199340280008,
              -27.5133823723541
            ],
            [
              -58.8194914371976,
              -27.514568519245
            ],
            [
              -58.8193405214105,
              -27.5150011400374
            ],
            [
              -58.8205176143704,
              -27.5152107754561
            ],
            [
              -58.8293929347295,
              -27.5161535650003
            ],
            [
              -58.82995106654,
              -27.5161715715132
            ],
            [
              -58.8347965916795,
              -27.5166731237221
            ],
            [
              -58.836016799043,
              -27.5168071536553
            ],
            [
              -58.8363864745434,
              -27.5168511244676
            ],
            [
              -58.8364948047975,
              -27.5165701851428
            ],
            [
              -58.8366289811447,
              -27.5163364361914
            ],
            [
              -58.8367627862569,
              -27.5161379146965
            ],
            [
              -58.8369100083751,
              -27.5159160181185
            ],
            [
              -58.8370435654162,
              -27.5157409813879
            ],
            [
              -58.8371907864227,
              -27.5155190844663
            ],
            [
              -58.8373240955505,
              -27.5153675325092
            ],
            [
              -58.8374585155604,
              -27.5151102975351
            ],
            [
              -58.8375129254049,
              -27.5149463422817
            ],
            [
              -58.8376859911556,
              -27.514771635079
            ],
            [
              -58.8378209032794,
              -27.5144674295078
            ],
            [
              -58.8378614014515,
              -27.5143738192949
            ],
            [
              -58.8379570487715,
              -27.5140457983147
            ],
            [
              -58.8379992743752,
              -27.5137877924033
            ],
            [
              -58.8380547933043,
              -27.5135181539416
            ],
            [
              -58.8382029962541,
              -27.5132023153417
            ],
            [
              -58.8383776618306,
              -27.5128749539794
            ],
            [
              -58.8384859827945,
              -27.5125940126688
            ],
            [
              -58.8385815031946,
              -27.512277733623
            ],
            [
              -58.8387295795403,
              -27.511973636861
            ],
            [
              -58.8387977722993,
              -27.5117510781154
            ],
            [
              -58.8388190685739,
              -27.51160446112
            ],
            [
              -58.8388867676946,
              -27.5114288725221
            ],
            [
              -58.8390466557391,
              -27.5112540533642
            ],
            [
              -58.8391806966289,
              -27.5110320439647
            ],
            [
              -58.8392479017572,
              -27.5109034253733
            ],
            [
              -58.8388619440949,
              -27.5108511240799
            ],
            [
              -58.834434269422,
              -27.5103638435414
            ],
            [
              -58.8315959201952,
              -27.5100723708104
            ],
            [
              -58.8313677379515,
              -27.5100521861116
            ],
            [
              -58.8294652405728,
              -27.5098648416325
            ],
            [
              -58.8264813112309,
              -27.5095623432352
            ],
            [
              -58.8241246041892,
              -27.5092975232114
            ],
            [
              -58.8221490225983,
              -27.5090974198586
            ],
            [
              -58.8218821295143,
              -27.5109687596289
            ],
            [
              -58.8204252424084,
              -27.5108792241661
            ],
            [
              -58.8200934329378,
              -27.5110032298846
            ]
          ]
        ]
      }
    },
    {
      "type": "Feature",
      "properties": {
        "id": 77,
        "nombre": "SAN ANTONIO",
        "tipo": "BARRIOS POR ORDENANZA",
        "ordenanza": "578/72",
        "superficie_ha": "745.325.344.869.607"
      },
      "geometry": {
        "type": "Polygon",
        "coordinates": [
          [
            [
              -58.819632215475,
              -27.5108643188798
            ],
            [
              -58.8197472985871,
              -27.5111641360281
            ],
            [
              -58.8198986355171,
              -27.5110816307904
            ],
            [
              -58.8199313007798,
              -27.5110638224399
            ],
            [
              -58.8200934329378,
              -27.5110032298846
            ],
            [
              -58.8204252424084,
              -27.5108792241661
            ],
            [
              -58.8218821295143,
              -27.5109687596289
            ],
            [
              -58.8221490225983,
              -27.5090974198586
            ],
            [
              -58.8187442374798,
              -27.5087157118862
            ],
            [
              -58.8169526148675,
              -27.5044719650515
            ],
            [
              -58.8143553055213,
              -27.5040707052846
            ],
            [
              -58.8121075706396,
              -27.5037328642319
            ],
            [
              -58.8123325050626,
              -27.5032314323991
            ],
            [
              -58.809835791438,
              -27.5035589083911
            ],
            [
              -58.8094029292255,
              -27.5036253593622
            ],
            [
              -58.8092231604546,
              -27.5036463807753
            ],
            [
              -58.8091551653481,
              -27.5035777914144
            ],
            [
              -58.8090355155311,
              -27.503401026776
            ],
            [
              -58.8082499508685,
              -27.5040651467184
            ],
            [
              -58.8082690349215,
              -27.504534706206
            ],
            [
              -58.8076611489291,
              -27.5045537682161
            ],
            [
              -58.8073274307509,
              -27.5045405914041
            ],
            [
              -58.8070769242712,
              -27.504349428656
            ],
            [
              -58.8063922665136,
              -27.504894514276
            ],
            [
              -58.8061737807208,
              -27.5050796435452
            ],
            [
              -58.805803283925,
              -27.5053499318514
            ],
            [
              -58.8056580597768,
              -27.5054331385526
            ],
            [
              -58.8050120256658,
              -27.505950397438
            ],
            [
              -58.8040236654064,
              -27.5065523516336
            ],
            [
              -58.8041656318081,
              -27.5085920858438
            ],
            [
              -58.8063626874278,
              -27.5085924976176
            ],
            [
              -58.8063281828462,
              -27.5081407426643
            ],
            [
              -58.8105568810099,
              -27.5077564911161
            ],
            [
              -58.8104875344818,
              -27.5081318522215
            ],
            [
              -58.8160224764525,
              -27.5087817979465
            ],
            [
              -58.815851491917,
              -27.5102903982354
            ],
            [
              -58.819632215475,
              -27.5108643188798
            ]
          ]
        ]
      }
    },
    {
      "type": "Feature",
      "properties": {
        "id": 80,
        "nombre": "SAN IGNACIO",
        "tipo": "BARRIOS POR ORDENANZA",
        "ordenanza": "3108/97",
        "superficie_ha": "573.184.398.697.598"
      },
      "geometry": {
        "type": "Polygon",
        "coordinates": [
          [
            [
              -58.7686893422195,
              -27.4809767687553
            ],
            [
              -58.7682462975851,
              -27.4810665191063
            ],
            [
              -58.7669652190542,
              -27.4813365811429
            ],
            [
              -58.7656387185326,
              -27.4816074503091
            ],
            [
              -58.763665561571,
              -27.4819307346629
            ],
            [
              -58.7625864572798,
              -27.4821229330311
            ],
            [
              -58.7627269627257,
              -27.4829613620106
            ],
            [
              -58.7627859423473,
              -27.4833133038793
            ],
            [
              -58.7628974907239,
              -27.4839789274147
            ],
            [
              -58.7630485579038,
              -27.4848778516937
            ],
            [
              -58.7632253359828,
              -27.4859351696405
            ],
            [
              -58.7632254602689,
              -27.4859359129956
            ],
            [
              -58.7633339673259,
              -27.4865752466033
            ],
            [
              -58.7633367206796,
              -27.4865914695312
            ],
            [
              -58.7634121641592,
              -27.4870063445353
            ],
            [
              -58.7635704061598,
              -27.4878311383398
            ],
            [
              -58.7636221731499,
              -27.4880477053514
            ],
            [
              -58.7650065898425,
              -27.48760916196
            ],
            [
              -58.76553255718,
              -27.4874425460524
            ],
            [
              -58.7656004803439,
              -27.4874210291719
            ],
            [
              -58.7668911124576,
              -27.4870121713023
            ],
            [
              -58.7684765040606,
              -27.4865099161184
            ],
            [
              -58.769037743536,
              -27.4863345263357
            ],
            [
              -58.7696642872979,
              -27.4862156150407
            ],
            [
              -58.7718604792924,
              -27.4857970009557
            ],
            [
              -58.7727466196743,
              -27.4856542963589
            ],
            [
              -58.7727167593454,
              -27.4855260554512
            ],
            [
              -58.7719915000118,
              -27.4812530216984
            ],
            [
              -58.771960262955,
              -27.4810784516792
            ],
            [
              -58.7718802018405,
              -27.480432145961
            ],
            [
              -58.7711826910688,
              -27.480550960691
            ],
            [
              -58.7704729866174,
              -27.4806698572377
            ],
            [
              -58.7700735240465,
              -27.4807111862841
            ],
            [
              -58.7686893422195,
              -27.4809767687553
            ]
          ]
        ]
      }
    },
    {
      "type": "Feature",
      "properties": {
        "id": 86,
        "nombre": "SAN ROQUE",
        "tipo": "BARRIOS POR ORDENANZA",
        "ordenanza": "578/72",
        "superficie_ha": "155.186.307.026.509"
      },
      "geometry": {
        "type": "Polygon",
        "coordinates": [
          [
            [
              -58.815851491917,
              -27.5102903982354
            ],
            [
              -58.8160224764525,
              -27.5087817979465
            ],
            [
              -58.8104875344818,
              -27.5081318522215
            ],
            [
              -58.8105568810099,
              -27.5077564911161
            ],
            [
              -58.8063281828462,
              -27.5081407426643
            ],
            [
              -58.8063626874278,
              -27.5085924976176
            ],
            [
              -58.8041656318081,
              -27.5085920858438
            ],
            [
              -58.8040236654064,
              -27.5065523516336
            ],
            [
              -58.8027179958453,
              -27.5072941064712
            ],
            [
              -58.8027021610528,
              -27.5073033236437
            ],
            [
              -58.7978910517282,
              -27.5095972393581
            ],
            [
              -58.796561766248,
              -27.510392291695
            ],
            [
              -58.7954423143651,
              -27.5113443458918
            ],
            [
              -58.7991474150721,
              -27.5109427822192
            ],
            [
              -58.7990472167047,
              -27.5129210522775
            ],
            [
              -58.8057389552592,
              -27.5150493328429
            ],
            [
              -58.8061165670431,
              -27.5147153268868
            ],
            [
              -58.8100070903688,
              -27.5154856043827
            ],
            [
              -58.8116267905819,
              -27.5157521729549
            ],
            [
              -58.8182257553336,
              -27.5169874650659
            ],
            [
              -58.8193405214105,
              -27.5150011400374
            ],
            [
              -58.8194914371976,
              -27.514568519245
            ],
            [
              -58.8199340280008,
              -27.5133823723541
            ],
            [
              -58.8198493000718,
              -27.5132086250824
            ],
            [
              -58.8196752675658,
              -27.5128704084654
            ],
            [
              -58.8196397743443,
              -27.5113008727202
            ],
            [
              -58.8197472985871,
              -27.5111641360281
            ],
            [
              -58.819632215475,
              -27.5108643188798
            ],
            [
              -58.815851491917,
              -27.5102903982354
            ]
          ]
        ]
      }
    },
    {
      "type": "Feature",
      "properties": {
        "id": 97,
        "nombre": "UNION",
        "tipo": "BARRIOS POR ORDENANZA",
        "ordenanza": "578/72",
        "superficie_ha": "255.885.579.732.558"
      },
      "geometry": {
        "type": "Polygon",
        "coordinates": [
          [
            [
              -58.8202724182624,
              -27.4851905601131
            ],
            [
              -58.8204186390189,
              -27.4862530506003
            ],
            [
              -58.8204979307413,
              -27.4869465525437
            ],
            [
              -58.8206113775862,
              -27.4880547711516
            ],
            [
              -58.8198547949939,
              -27.4890221073105
            ],
            [
              -58.8194107763016,
              -27.4895775882809
            ],
            [
              -58.8188256279834,
              -27.490309615666
            ],
            [
              -58.8185475371158,
              -27.4906602149359
            ],
            [
              -58.8198188162187,
              -27.491216630755
            ],
            [
              -58.8200271384928,
              -27.4908308666461
            ],
            [
              -58.8202225478725,
              -27.4904208058701
            ],
            [
              -58.8202549232465,
              -27.4903528667734
            ],
            [
              -58.8204359665805,
              -27.4899778538273
            ],
            [
              -58.8207328102849,
              -27.4895227695806
            ],
            [
              -58.8208056946008,
              -27.4894291664745
            ],
            [
              -58.8249886408479,
              -27.4840988563657
            ],
            [
              -58.8257795616559,
              -27.4831368897322
            ],
            [
              -58.8229483889279,
              -27.4821978435481
            ],
            [
              -58.8229310529467,
              -27.482117686516
            ],
            [
              -58.8216824095799,
              -27.4822711151327
            ],
            [
              -58.8206973002632,
              -27.4824003575807
            ],
            [
              -58.8198967542452,
              -27.482504883042
            ],
            [
              -58.8190609754413,
              -27.4826142902265
            ],
            [
              -58.8192594336134,
              -27.4848084439368
            ],
            [
              -58.8200955696166,
              -27.4847414494609
            ],
            [
              -58.8202238910357,
              -27.4847315535625
            ],
            [
              -58.8202724182624,
              -27.4851905601131
            ]
          ]
        ]
      }
    },
    {
      "type": "Feature",
      "properties": {
        "id": 100,
        "nombre": "VILLA CELIA",
        "tipo": "BARRIOS POR ORDENANZA",
        "ordenanza": "578/72",
        "superficie_ha": "315.124.857.955.329"
      },
      "geometry": {
        "type": "Polygon",
        "coordinates": [
          [
            [
              -58.8098397310783,
              -27.4791322758996
            ],
            [
              -58.8085953175277,
              -27.4735630933946
            ],
            [
              -58.8082981989644,
              -27.472256971131
            ],
            [
              -58.8044371292376,
              -27.473192580399
            ],
            [
              -58.8046183534985,
              -27.4740334244786
            ],
            [
              -58.8046353947093,
              -27.4742233048771
            ],
            [
              -58.8047895548574,
              -27.4751388081449
            ],
            [
              -58.8048840728246,
              -27.4754786108704
            ],
            [
              -58.8049316517015,
              -27.4758408812632
            ],
            [
              -58.805007843157,
              -27.4764088926535
            ],
            [
              -58.8048493519067,
              -27.4764390997011
            ],
            [
              -58.8054186958772,
              -27.4796788199455
            ],
            [
              -58.8098397312304,
              -27.4791322766243
            ],
            [
              -58.8098397310783,
              -27.4791322758996
            ]
          ]
        ]
      }
    },
    {
      "type": "Feature",
      "properties": {
        "id": 102,
        "nombre": "VILLA ONGAY",
        "tipo": "BARRIOS POR ORDENANZA",
        "ordenanza": "578/72",
        "superficie_ha": "444.233.106.806.454"
      },
      "geometry": {
        "type": "Polygon",
        "coordinates": [
          [
            [
              -58.8125636476571,
              -27.493838585072
            ],
            [
              -58.8122209800355,
              -27.4938863614492
            ],
            [
              -58.8123621030597,
              -27.4951093659765
            ],
            [
              -58.8125291955409,
              -27.4962219561482
            ],
            [
              -58.8085056218645,
              -27.4966744455138
            ],
            [
              -58.8092788883052,
              -27.4993622133371
            ],
            [
              -58.8117817484012,
              -27.4988999588273
            ],
            [
              -58.8122092449224,
              -27.498988062593
            ],
            [
              -58.8146579785989,
              -27.4988973461961
            ],
            [
              -58.8149350897147,
              -27.4984995571968
            ],
            [
              -58.8158599735119,
              -27.4972024209318
            ],
            [
              -58.8172470086216,
              -27.4978114265537
            ],
            [
              -58.8200366049722,
              -27.4989991973936
            ],
            [
              -58.8197084902213,
              -27.4974923421453
            ],
            [
              -58.8196664917116,
              -27.4972485412772
            ],
            [
              -58.8193046977025,
              -27.4959428429051
            ],
            [
              -58.8189336690575,
              -27.4944939715247
            ],
            [
              -58.8186879659065,
              -27.4929846330544
            ],
            [
              -58.81790563885,
              -27.494200646548
            ],
            [
              -58.8175213491005,
              -27.4948424384323
            ],
            [
              -58.8155554720516,
              -27.4941946372782
            ],
            [
              -58.8161517793524,
              -27.4934011347985
            ],
            [
              -58.8125636476571,
              -27.493838585072
            ]
          ]
        ]
      }
    },
    {
      "type": "Feature",
      "properties": {
        "id": 106,
        "nombre": "YAPEYU",
        "tipo": "BARRIOS POR ORDENANZA",
        "ordenanza": "578/72",
        "superficie_ha": "194.569.445.806.435"
      },
      "geometry": {
        "type": "Polygon",
        "coordinates": [
          [
            [
              -58.8184606034339,
              -27.4704537787108
            ],
            [
              -58.8184522997314,
              -27.4700886042798
            ],
            [
              -58.8185204369376,
              -27.4699469993441
            ],
            [
              -58.818709346241,
              -27.4697601336904
            ],
            [
              -58.8186719923406,
              -27.4694909743952
            ],
            [
              -58.8183424079521,
              -27.4668654820975
            ],
            [
              -58.8181816038081,
              -27.466980577229
            ],
            [
              -58.8180167693629,
              -27.4670201547306
            ],
            [
              -58.8160559944421,
              -27.4673517978092
            ],
            [
              -58.8139643374212,
              -27.4675992667417
            ],
            [
              -58.8129931254908,
              -27.467528447616
            ],
            [
              -58.8135849814009,
              -27.4709859551844
            ],
            [
              -58.8141080516677,
              -27.4708546596438
            ],
            [
              -58.8184606034339,
              -27.4704537787108
            ]
          ]
        ]
      }
    },
    {
      "type": "Feature",
      "properties": {
        "id": 109,
        "nombre": "JARDIN",
        "tipo": "BARRIOS POR ORDENANZA",
        "ordenanza": "5457/11",
        "superficie_ha": "788.356.696.212.646"
      },
      "geometry": {
        "type": "Polygon",
        "coordinates": [
          [
            [
              -58.7814445886738,
              -27.4578682444597
            ],
            [
              -58.7821181977867,
              -27.4560794481224
            ],
            [
              -58.7814055911315,
              -27.4558595750618
            ],
            [
              -58.7813149524874,
              -27.4558322126966
            ],
            [
              -58.7768609420032,
              -27.4545054878236
            ],
            [
              -58.7755142533805,
              -27.453668972362
            ],
            [
              -58.7743833752444,
              -27.4533399452275
            ],
            [
              -58.7730561690841,
              -27.4529428269102
            ],
            [
              -58.7730534283953,
              -27.452942006848
            ],
            [
              -58.7709599347081,
              -27.4523260263673
            ],
            [
              -58.7700954264748,
              -27.4534046769401
            ],
            [
              -58.7705555214455,
              -27.4534465094765
            ],
            [
              -58.7701350276884,
              -27.4575997346763
            ],
            [
              -58.7698907927515,
              -27.4599092070334
            ],
            [
              -58.7718483841361,
              -27.4600798480126
            ],
            [
              -58.7729484626728,
              -27.4601631799214
            ],
            [
              -58.7739059485255,
              -27.4602711470683
            ],
            [
              -58.7746712938421,
              -27.4603540571861
            ],
            [
              -58.775550259064,
              -27.4604248062268
            ],
            [
              -58.776243863682,
              -27.4605056487066
            ],
            [
              -58.7774480910396,
              -27.4606441979528
            ],
            [
              -58.7784955595967,
              -27.4607498766528
            ],
            [
              -58.7789592311338,
              -27.4607798640689
            ],
            [
              -58.7789591860561,
              -27.4607839551218
            ],
            [
              -58.7789566374481,
              -27.4608541005879
            ],
            [
              -58.7791305763015,
              -27.4608651805205
            ],
            [
              -58.7802856145749,
              -27.4609378931559
            ],
            [
              -58.7814445886738,
              -27.4578682444597
            ]
          ]
        ]
      }
    },
    {
      "type": "Feature",
      "properties": {
        "id": 130,
        "nombre": "CLUB DE CAMPO LAS DOS LUNAS-OESTE",
        "tipo": "CLUB DE CAMPO",
        "ordenanza": "S/D",
        "superficie_ha": "462.635.180.174.444"
      },
      "geometry": {
        "type": "Polygon",
        "coordinates": [
          [
            [
              -58.7132105228627,
              -27.4817900517746
            ],
            [
              -58.7142647630869,
              -27.4817645493738
            ],
            [
              -58.7154601165989,
              -27.4817424311356
            ],
            [
              -58.7165781304351,
              -27.4817206240724
            ],
            [
              -58.7168260308629,
              -27.4818948486845
            ],
            [
              -58.7179855136039,
              -27.4825251521495
            ],
            [
              -58.7184785979107,
              -27.4827931898818
            ],
            [
              -58.718824916129,
              -27.4829814454651
            ],
            [
              -58.7189517440875,
              -27.4829514460256
            ],
            [
              -58.7193624430407,
              -27.4828542973816
            ],
            [
              -58.7197633640333,
              -27.4827594621645
            ],
            [
              -58.7201642843955,
              -27.4826646248653
            ],
            [
              -58.720565202104,
              -27.4825697854655
            ],
            [
              -58.7209661211738,
              -27.4824749467089
            ],
            [
              -58.7212788368093,
              -27.482400970335
            ],
            [
              -58.721815084601,
              -27.4822735235176
            ],
            [
              -58.7220871248969,
              -27.4822097595624
            ],
            [
              -58.722462323488,
              -27.4821209999033
            ],
            [
              -58.722837521528,
              -27.4820322383089
            ],
            [
              -58.7232127190067,
              -27.4819434756811
            ],
            [
              -58.7235879159238,
              -27.4818547120202
            ],
            [
              -58.7236563648574,
              -27.4818385192415
            ],
            [
              -58.7239577225873,
              -27.4817672233771
            ],
            [
              -58.7245194428055,
              -27.4816343289564
            ],
            [
              -58.7253684152181,
              -27.4814334697529
            ],
            [
              -58.7262309090453,
              -27.4812294058931
            ],
            [
              -58.7270401874716,
              -27.4810379277185
            ],
            [
              -58.7268985477744,
              -27.4803340563371
            ],
            [
              -58.7267802098677,
              -27.4797459749317
            ],
            [
              -58.7266504709703,
              -27.4791012290803
            ],
            [
              -58.7266336059499,
              -27.4790417093195
            ],
            [
              -58.7264115799423,
              -27.4790363732058
            ],
            [
              -58.725896619926,
              -27.4790230699184
            ],
            [
              -58.7256841997966,
              -27.4790175821381
            ],
            [
              -58.7248884817397,
              -27.4789970216921
            ],
            [
              -58.723856544478,
              -27.4789703509796
            ],
            [
              -58.7232929441041,
              -27.4789557800724
            ],
            [
              -58.7225061991059,
              -27.4789354381014
            ],
            [
              -58.7218318951737,
              -27.4789180000709
            ],
            [
              -58.7217117360467,
              -27.4789148926862
            ],
            [
              -58.7210683380025,
              -27.478898249981
            ],
            [
              -58.7202722860133,
              -27.4788776546907
            ],
            [
              -58.7191715795611,
              -27.4788491693162
            ],
            [
              -58.7190212048789,
              -27.4788466865745
            ],
            [
              -58.7184626369737,
              -27.4788322281579
            ],
            [
              -58.7180838210282,
              -27.4788224204116
            ],
            [
              -58.7136825738236,
              -27.4787083992441
            ],
            [
              -58.713528260354,
              -27.478711487303
            ],
            [
              -58.7132105228627,
              -27.4817900517746
            ]
          ]
        ]
      }
    },
    {
      "type": "Feature",
      "properties": {
        "id": 118,
        "nombre": "PARQUE CADENA SUR",
        "tipo": "ZONAS EN ORDENAMIENTO",
        "ordenanza": "S/D",
        "superficie_ha": "235.182.733.568.272"
      },
      "geometry": {
        "type": "Polygon",
        "coordinates": [
          [
            [
              -58.7532477399536,
              -27.4908874672109
            ],
            [
              -58.7526130517853,
              -27.4910024776483
            ],
            [
              -58.7513620095905,
              -27.4912291669837
            ],
            [
              -58.7511917858068,
              -27.4912600106513
            ],
            [
              -58.7491684253173,
              -27.4915934038154
            ],
            [
              -58.7499864577395,
              -27.4965711264054
            ],
            [
              -58.7541811804889,
              -27.4959484483898
            ],
            [
              -58.7539244149911,
              -27.4945563443344
            ],
            [
              -58.7532477399536,
              -27.4908874672109
            ]
          ]
        ]
      }
    },
    {
      "type": "Feature",
      "properties": {
        "id": 152,
        "nombre": "92 VIV SALVADOR MIQUERI",
        "tipo": "ZONAS EN ORDENAMIENTO",
        "ordenanza": "6521/16",
        "superficie_ha": "401.945.039.337.399"
      },
      "geometry": {
        "type": "Polygon",
        "coordinates": [
          [
            [
              -58.7704199855467,
              -27.5016473627582
            ],
            [
              -58.7707758395032,
              -27.5015936459466
            ],
            [
              -58.7705094979208,
              -27.5001597875814
            ],
            [
              -58.7718695493336,
              -27.4999480123157
            ],
            [
              -58.7718173963968,
              -27.499667260047
            ],
            [
              -58.7704573483799,
              -27.4998790349218
            ],
            [
              -58.7700059694263,
              -27.4974489337547
            ],
            [
              -58.7700056202937,
              -27.4974487000584
            ],
            [
              -58.7692360377642,
              -27.4975638336018
            ],
            [
              -58.7700086589488,
              -27.5017095776124
            ],
            [
              -58.7704199855467,
              -27.5016473627582
            ]
          ]
        ]
      }
    },
    {
      "type": "Feature",
      "properties": {
        "id": 23,
        "nombre": "COLLANTES",
        "tipo": "BARRIOS POR ORDENANZA",
        "ordenanza": "1967/88",
        "superficie_ha": "153.264.823.698.885"
      },
      "geometry": {
        "type": "Polygon",
        "coordinates": [
          [
            [
              -58.7789566374481,
              -27.4608541005879
            ],
            [
              -58.7789591860561,
              -27.4607839551218
            ],
            [
              -58.7789592311338,
              -27.4607798640689
            ],
            [
              -58.7784955595967,
              -27.4607498766528
            ],
            [
              -58.7774480910396,
              -27.4606441979528
            ],
            [
              -58.776243863682,
              -27.4605056487066
            ],
            [
              -58.775550259064,
              -27.4604248062268
            ],
            [
              -58.7746712938421,
              -27.4603540571861
            ],
            [
              -58.7739059485255,
              -27.4602711470683
            ],
            [
              -58.7729484626728,
              -27.4601631799214
            ],
            [
              -58.7718483841361,
              -27.4600798480126
            ],
            [
              -58.7698907927515,
              -27.4599092070334
            ],
            [
              -58.7689493043808,
              -27.4598229903784
            ],
            [
              -58.7676609487345,
              -27.4596925723505
            ],
            [
              -58.7668523597671,
              -27.459614000844
            ],
            [
              -58.7659261655247,
              -27.4595125616016
            ],
            [
              -58.7658212377261,
              -27.4595493225985
            ],
            [
              -58.7657492879785,
              -27.4596200991436
            ],
            [
              -58.7678495510297,
              -27.4611304600013
            ],
            [
              -58.7782250613619,
              -27.4638025601703
            ],
            [
              -58.7785126692406,
              -27.462949514495
            ],
            [
              -58.778681065126,
              -27.4622084904665
            ],
            [
              -58.7788596481836,
              -27.4614743235403
            ],
            [
              -58.7789566374481,
              -27.4608541005879
            ]
          ]
        ]
      }
    },
    {
      "type": "Feature",
      "properties": {
        "id": 140,
        "nombre": "ZONA SUR PIRAYUI",
        "tipo": "ZONAS EN ORDENAMIENTO",
        "ordenanza": "S/D",
        "superficie_ha": "180.290.046.831.616"
      },
      "geometry": {
        "type": "Polygon",
        "coordinates": [
          [
            [
              -58.7694792831612,
              -27.5146166869328
            ],
            [
              -58.7687108100234,
              -27.5164512270556
            ],
            [
              -58.7652760788911,
              -27.5245446059755
            ],
            [
              -58.7651624325425,
              -27.524860456893
            ],
            [
              -58.7650867027495,
              -27.525343857055
            ],
            [
              -58.765032624766,
              -27.5256658947588
            ],
            [
              -58.7649953293384,
              -27.5259918316957
            ],
            [
              -58.7649748166094,
              -27.5263216678834
            ],
            [
              -58.7649889174472,
              -27.5265655567045
            ],
            [
              -58.765023295163,
              -27.526877129377
            ],
            [
              -58.7650914487542,
              -27.5271777513998
            ],
            [
              -58.7651642279855,
              -27.5274409123832
            ],
            [
              -58.7652542516324,
              -27.5276667243869
            ],
            [
              -58.7653855423525,
              -27.5279641567421
            ],
            [
              -58.7655256652664,
              -27.528224165315
            ],
            [
              -58.7656702669977,
              -27.5284579620573
            ],
            [
              -58.7658108313588,
              -27.5286804721921
            ],
            [
              -58.7659561675624,
              -27.5288505216292
            ],
            [
              -58.7660972141372,
              -27.5290280332677
            ],
            [
              -58.7662678729382,
              -27.5291908067098
            ],
            [
              -58.766442529255,
              -27.5293723664612
            ],
            [
              -58.7666674948247,
              -27.5295693731352
            ],
            [
              -58.7669513501108,
              -27.5297669017601
            ],
            [
              -58.7672734737519,
              -27.5299732258848
            ],
            [
              -58.7680246680209,
              -27.5303324268271
            ],
            [
              -58.7683210512046,
              -27.5304732784327
            ],
            [
              -58.771094556394,
              -27.5317912972401
            ],
            [
              -58.771249635686,
              -27.5318668260776
            ],
            [
              -58.7714542733051,
              -27.5319664910721
            ],
            [
              -58.7716916321563,
              -27.5316582471612
            ],
            [
              -58.7714634711159,
              -27.5302050121806
            ],
            [
              -58.7710781677121,
              -27.5277507947187
            ],
            [
              -58.7728743871428,
              -27.5275079237928
            ],
            [
              -58.7745942875956,
              -27.5272753503694
            ],
            [
              -58.7753464125877,
              -27.5271735251998
            ],
            [
              -58.7731148558887,
              -27.5165741310371
            ],
            [
              -58.7732025478566,
              -27.5164107829821
            ],
            [
              -58.7730955074404,
              -27.5158997305738
            ],
            [
              -58.7730203270382,
              -27.5155407876034
            ],
            [
              -58.7729866680308,
              -27.515421896517
            ],
            [
              -58.7726510301504,
              -27.5142401472891
            ],
            [
              -58.7727417151691,
              -27.5142105581747
            ],
            [
              -58.7736569353617,
              -27.5137525822741
            ],
            [
              -58.7743255747706,
              -27.5148147845359
            ],
            [
              -58.7748238005492,
              -27.5145589366552
            ],
            [
              -58.7752979125104,
              -27.5143234506187
            ],
            [
              -58.7757975042887,
              -27.514075306156
            ],
            [
              -58.7757503815583,
              -27.5139991905978
            ],
            [
              -58.7757921312356,
              -27.513977403094
            ],
            [
              -58.7763494866855,
              -27.5137104407067
            ],
            [
              -58.7770463367525,
              -27.513362318649
            ],
            [
              -58.7799264472927,
              -27.511937653921
            ],
            [
              -58.7813987661311,
              -27.511229700285
            ],
            [
              -58.7828800437836,
              -27.5105050325337
            ],
            [
              -58.7829316876266,
              -27.5104791635231
            ],
            [
              -58.7830430494372,
              -27.5104280618082
            ],
            [
              -58.7829432870594,
              -27.5103622716301
            ],
            [
              -58.7826298720945,
              -27.5101524181581
            ],
            [
              -58.7825805064961,
              -27.5101298674728
            ],
            [
              -58.7825149785458,
              -27.5101094202104
            ],
            [
              -58.782447906736,
              -27.5100884911645
            ],
            [
              -58.7823800863191,
              -27.510081487425
            ],
            [
              -58.7823116417654,
              -27.5100727222687
            ],
            [
              -58.7822564346817,
              -27.5100687179701
            ],
            [
              -58.7821732108972,
              -27.5100761613715
            ],
            [
              -58.7819697452162,
              -27.5100943587999
            ],
            [
              -58.7811720409297,
              -27.5101714643265
            ],
            [
              -58.7810372036119,
              -27.5101842097424
            ],
            [
              -58.7809360887842,
              -27.5101657349144
            ],
            [
              -58.7808350878025,
              -27.5101406184723
            ],
            [
              -58.780763214731,
              -27.5101361734661
            ],
            [
              -58.7806287182265,
              -27.5101493089751
            ],
            [
              -58.7804232232513,
              -27.5101663819368
            ],
            [
              -58.7801304933125,
              -27.5101790927862
            ],
            [
              -58.7798791143578,
              -27.5101925892308
            ],
            [
              -58.7796504206029,
              -27.5102052389127
            ],
            [
              -58.779455033094,
              -27.5102140757508
            ],
            [
              -58.779204710702,
              -27.5102138897812
            ],
            [
              -58.7791061808534,
              -27.5101921657649
            ],
            [
              -58.7790904462476,
              -27.5101881907685
            ],
            [
              -58.779004105697,
              -27.5101661151694
            ],
            [
              -58.7789125210243,
              -27.5101248613718
            ],
            [
              -58.7788245193194,
              -27.5100764732831
            ],
            [
              -58.7787713026428,
              -27.5100472118342
            ],
            [
              -58.7785740868676,
              -27.5099219822033
            ],
            [
              -58.7785361538009,
              -27.5098983599483
            ],
            [
              -58.778367207545,
              -27.5097783344594
            ],
            [
              -58.7781032098322,
              -27.5095859563779
            ],
            [
              -58.777783132552,
              -27.5093646353785
            ],
            [
              -58.777367897144,
              -27.5090690474407
            ],
            [
              -58.776886992813,
              -27.5087262382363
            ],
            [
              -58.7766733326083,
              -27.5085779970532
            ],
            [
              -58.7758498423311,
              -27.5079996903078
            ],
            [
              -58.7753881013765,
              -27.5077117921202
            ],
            [
              -58.7753414290825,
              -27.5076835439798
            ],
            [
              -58.7745753191696,
              -27.5071611644084
            ],
            [
              -58.7742077864632,
              -27.50693041555
            ],
            [
              -58.7738170159734,
              -27.5066448959609
            ],
            [
              -58.7737775035786,
              -27.5066187151403
            ],
            [
              -58.7735549647514,
              -27.5064712609988
            ],
            [
              -58.7734075328776,
              -27.5063735722897
            ],
            [
              -58.7733274278059,
              -27.5062763484208
            ],
            [
              -58.7730613062317,
              -27.5060749341193
            ],
            [
              -58.7727456815131,
              -27.5068081922066
            ],
            [
              -58.7724482024362,
              -27.5075054441905
            ],
            [
              -58.7723427160816,
              -27.5077579345322
            ],
            [
              -58.7720845564659,
              -27.5083758554789
            ],
            [
              -58.7694792831612,
              -27.5146166869328
            ]
          ]
        ]
      }
    },
    {
      "type": "Feature",
      "properties": {
        "id": 123,
        "nombre": "PIRAYUI NUEVO",
        "tipo": "ZONAS EN ORDENAMIENTO",
        "ordenanza": "5483/10",
        "superficie_ha": "25.240.026.270.005"
      },
      "geometry": {
        "type": "Polygon",
        "coordinates": [
          [
            [
              -58.7815937131325,
              -27.5233106842155
            ],
            [
              -58.7771850062332,
              -27.5162887781303
            ],
            [
              -58.7828735964194,
              -27.5135313314344
            ],
            [
              -58.7836947782273,
              -27.5148587459854
            ],
            [
              -58.7846644486637,
              -27.5143430732343
            ],
            [
              -58.7835139510689,
              -27.5125306484779
            ],
            [
              -58.7825389176362,
              -27.5129903235
            ],
            [
              -58.7827673490075,
              -27.513359583235
            ],
            [
              -58.7812238388374,
              -27.5141028795462
            ],
            [
              -58.7770616708163,
              -27.5161202553107
            ],
            [
              -58.7757975042887,
              -27.514075306156
            ],
            [
              -58.7752979125104,
              -27.5143234506187
            ],
            [
              -58.7748238005492,
              -27.5145589366552
            ],
            [
              -58.7743255747706,
              -27.5148147845359
            ],
            [
              -58.7736569353617,
              -27.5137525822741
            ],
            [
              -58.7727417151691,
              -27.5142105581747
            ],
            [
              -58.7726510301504,
              -27.5142401472891
            ],
            [
              -58.7729827139374,
              -27.5154808596115
            ],
            [
              -58.7731746422933,
              -27.516462764081
            ],
            [
              -58.7747918414717,
              -27.5156754761438
            ],
            [
              -58.7803211435284,
              -27.5244413389531
            ],
            [
              -58.7815937131325,
              -27.5233106842155
            ]
          ]
        ]
      }
    },
    {
      "type": "Feature",
      "properties": {
        "id": 126,
        "nombre": "ASENTAMIENTO PUNTA TAITALO",
        "tipo": "ASENTAMIENTOS INFORMALES",
        "ordenanza": "S/D",
        "superficie_ha": "594.107.841.646.881"
      },
      "geometry": {
        "type": "Polygon",
        "coordinates": [
          [
            [
              -58.7751188488857,
              -27.4282240179934
            ],
            [
              -58.7752087437262,
              -27.4284953024158
            ],
            [
              -58.7752798254017,
              -27.4286214846353
            ],
            [
              -58.7754964072157,
              -27.4292134050221
            ],
            [
              -58.7753525754707,
              -27.4296602220641
            ],
            [
              -58.775586302056,
              -27.4298038414436
            ],
            [
              -58.7758739655455,
              -27.4305857658983
            ],
            [
              -58.7757660917368,
              -27.4309368322192
            ],
            [
              -58.775673650224,
              -27.4314209407732
            ],
            [
              -58.7755042490863,
              -27.4318599409938
            ],
            [
              -58.77386876549,
              -27.4321881634439
            ],
            [
              -58.7734327445536,
              -27.4331754251606
            ],
            [
              -58.7744572183448,
              -27.4335392761625
            ],
            [
              -58.7765666015404,
              -27.4362496844253
            ],
            [
              -58.7765287349998,
              -27.4384395575767
            ],
            [
              -58.7758291239666,
              -27.4384578844825
            ],
            [
              -58.7756899726712,
              -27.438640198622
            ],
            [
              -58.7771324933107,
              -27.4396173897244
            ],
            [
              -58.7770605774382,
              -27.4400402303249
            ],
            [
              -58.7771414827945,
              -27.4407263455873
            ],
            [
              -58.7775639885449,
              -27.4407582578214
            ],
            [
              -58.7779685153273,
              -27.4407582578215
            ],
            [
              -58.7783550631415,
              -27.4409497310315
            ],
            [
              -58.7784899054023,
              -27.4411172698177
            ],
            [
              -58.7787378436676,
              -27.4411454986798
            ],
            [
              -58.7787580607123,
              -27.441002921858
            ],
            [
              -58.7787951528332,
              -27.4407413356955
            ],
            [
              -58.7788290189978,
              -27.440502498814
            ],
            [
              -58.7788891665587,
              -27.4400783127287
            ],
            [
              -58.7789252361546,
              -27.439823932845
            ],
            [
              -58.7789768585871,
              -27.4394598646263
            ],
            [
              -58.779017573037,
              -27.4391727232081
            ],
            [
              -58.7790998686741,
              -27.4385923223685
            ],
            [
              -58.7794389550127,
              -27.43829593116
            ],
            [
              -58.7795352711229,
              -27.4382117419774
            ],
            [
              -58.7799118179415,
              -27.4378826033345
            ],
            [
              -58.7796612556688,
              -27.4371635781522
            ],
            [
              -58.7801245420834,
              -27.4367850482383
            ],
            [
              -58.7803862782977,
              -27.4364075317963
            ],
            [
              -58.7800864751788,
              -27.4360728019686
            ],
            [
              -58.7800203982425,
              -27.4357236107572
            ],
            [
              -58.7799351000553,
              -27.4354712787039
            ],
            [
              -58.7799200498643,
              -27.4347520980435
            ],
            [
              -58.7796800580368,
              -27.4342871230564
            ],
            [
              -58.7793547682236,
              -27.433898955308
            ],
            [
              -58.7787785896019,
              -27.4337007911494
            ],
            [
              -58.7787949002343,
              -27.432878436139
            ],
            [
              -58.7789608994372,
              -27.4322037715402
            ],
            [
              -58.7783224240423,
              -27.4319213753045
            ],
            [
              -58.7778282065638,
              -27.4316909145273
            ],
            [
              -58.7775447316382,
              -27.4313713873979
            ],
            [
              -58.7768088364424,
              -27.4303964800515
            ],
            [
              -58.7763735783151,
              -27.4306302994088
            ],
            [
              -58.7763564516106,
              -27.4303549401381
            ],
            [
              -58.7763740224216,
              -27.4300402450985
            ],
            [
              -58.7763234397484,
              -27.4296921374981
            ],
            [
              -58.7763953556209,
              -27.4293729827449
            ],
            [
              -58.775909923482,
              -27.4294527715196
            ],
            [
              -58.7759279024502,
              -27.4290538270689
            ],
            [
              -58.7759998183227,
              -27.4287506283222
            ],
            [
              -58.775514386184,
              -27.4281123124493
            ],
            [
              -58.7751907647582,
              -27.4280325227056
            ],
            [
              -58.7751188488857,
              -27.4282240179934
            ]
          ]
        ]
      }
    },
    {
      "type": "Feature",
      "properties": {
        "id": 300,
        "nombre": "SANTA CATALINA",
        "tipo": "BARRIOS POR ORDENANZA",
        "ordenanza": "S/D",
        "superficie_ha": ""
      },
      "geometry": {
        "type": "Polygon",
        "coordinates": [
          [
            [
              -58.8199056495896,
              -27.5194217872051
            ],
            [
              -58.8176866748078,
              -27.5203381014647
            ],
            [
              -58.8168657465851,
              -27.5204950502789
            ],
            [
              -58.8024888839898,
              -27.5225303617052
            ],
            [
              -58.8013561835929,
              -27.5226658820037
            ],
            [
              -58.8002890664627,
              -27.5228213631955
            ],
            [
              -58.8007114964224,
              -27.5249820912645
            ],
            [
              -58.8014332855882,
              -27.5289243866092
            ],
            [
              -58.8018808113699,
              -27.5288725427592
            ],
            [
              -58.8034551696097,
              -27.528642224224
            ],
            [
              -58.8051830969211,
              -27.5283894177542
            ],
            [
              -58.8067797170633,
              -27.5281558020928
            ],
            [
              -58.8083705669591,
              -27.5279230113885
            ],
            [
              -58.8095086751859,
              -27.5277564589941
            ],
            [
              -58.8103096510168,
              -27.5276392371159
            ],
            [
              -58.8118454365588,
              -27.5274144630073
            ],
            [
              -58.8121415307985,
              -27.5273711252535
            ],
            [
              -58.8126652519918,
              -27.5272944693044
            ],
            [
              -58.8132887243669,
              -27.5272032102608
            ],
            [
              -58.8134742498728,
              -27.5271770453146
            ],
            [
              -58.8136604467142,
              -27.52714879902
            ],
            [
              -58.8153297853341,
              -27.526904434869
            ],
            [
              -58.816908199898,
              -27.5266733609778
            ],
            [
              -58.818496724022,
              -27.5264407878999
            ],
            [
              -58.8186217229728,
              -27.5264224862022
            ],
            [
              -58.8187467218865,
              -27.5264041843908
            ],
            [
              -58.8199346987136,
              -27.5262302399077
            ],
            [
              -58.8209645518976,
              -27.5260794393
            ],
            [
              -58.820815736058,
              -27.5258076088537
            ],
            [
              -58.8206765285296,
              -27.5248452537996
            ],
            [
              -58.8206262668456,
              -27.5245715434672
            ],
            [
              -58.8204946538116,
              -27.5238548117833
            ],
            [
              -58.8203644265892,
              -27.5231456185483
            ],
            [
              -58.8203326103189,
              -27.5229723517972
            ],
            [
              -58.8203288416644,
              -27.5229476206568
            ],
            [
              -58.8202227317958,
              -27.5222512890551
            ],
            [
              -58.8202057576136,
              -27.5221398975685
            ],
            [
              -58.8201504276666,
              -27.5216387767046
            ],
            [
              -58.8201124412,
              -27.521528095599
            ],
            [
              -58.820070188705,
              -27.5214049843152
            ],
            [
              -58.8199987379427,
              -27.5209832876441
            ],
            [
              -58.8199488820471,
              -27.5206329230464
            ],
            [
              -58.8199068965327,
              -27.5201195385927
            ],
            [
              -58.8199013853933,
              -27.5200521500008
            ],
            [
              -58.8199056495896,
              -27.5194217872051
            ]
          ]
        ]
      }
    }
  ]
}